step,seed,best_epoch,epochs_ran,train_accuracy,validation_accuracy,validation_macro_f1,recall_5,recall_8
"Solo digits.csv, sin técnicas",42,88,138,0.9959012296311107,0.9326530612244898,0.8392267006911981,0.8471337579617835,0.0
"Solo digits.csv, sin técnicas",7,66,108,0.9956013196041188,0.9316326530612244,0.8389217739037977,0.8471337579617835,0.0
"Solo digits.csv, sin técnicas",21,101,128,0.9967009897030891,0.9310204081632653,0.8395932135306815,0.7834394904458599,0.0
"Solo digits.csv, balanceo y augmentación",42,80,130,0.9882314747179612,0.9555102040816327,0.8663967375801713,0.9363057324840764,0.0
"Solo digits.csv, balanceo y augmentación",7,162,163,0.9911533154776399,0.9553061224489796,0.8651404494177628,0.9745222929936306,0.0
"Solo digits.csv, balanceo y augmentación",21,134,141,0.9911533154776399,0.9538775510204082,0.8650099486565137,0.9363057324840764,0.0
"Combinado, sin técnicas",42,90,94,0.9966838426610887,0.9642857142857143,0.9547502271262639,0.9171974522292994,0.8547008547008547
"Combinado, sin técnicas",7,57,95,0.9946941482577419,0.9595918367346938,0.9467355507348664,0.8471337579617835,0.8803418803418803
"Combinado, sin técnicas",21,62,99,0.9951533085046681,0.9612244897959183,0.9488995857650263,0.8726114649681529,0.8376068376068376
"Combinado, balanceo y augmentación",42,106,142,0.9862645914396887,0.9775510204081632,0.9719144961827284,0.9872611464968153,0.9487179487179487
"Combinado, balanceo y augmentación",7,167,217,0.9871206225680934,0.9824489795918367,0.9774380366141473,0.9681528662420382,0.9743589743589743
"Combinado, balanceo y augmentación",21,99,106,0.9837354085603113,0.976326530612245,0.9706477573787096,0.9745222929936306,0.9658119658119658
