step,seed,best_epoch,train_accuracy,validation_accuracy,validation_macro_f1
Referencia: sigmoide + MSE + momentum,42,104,0.9865369649805448,0.9808163265306122,0.974476816125833
Referencia: sigmoide + MSE + momentum,7,132,0.9851750972762646,0.9795918367346939,0.9748286079709876
Referencia: sigmoide + MSE + momentum,21,124,0.9864591439688716,0.9818367346938776,0.9759497113680006
+ softmax y entropía cruzada,42,129,0.9907392996108949,0.9834693877551021,0.9768156608222676
+ softmax y entropía cruzada,7,149,0.9911284046692607,0.9840816326530613,0.9783291990107083
+ softmax y entropía cruzada,21,127,0.9905836575875486,0.9834693877551021,0.9779012668784098
+ Adam,42,115,0.9911673151750973,0.9828571428571429,0.977962856657691
+ Adam,7,63,0.9890661478599222,0.983265306122449,0.9792233984303425
+ Adam,21,89,0.9882490272373541,0.9826530612244898,0.9773632753930757
