fold,epoch,train_loss,train_rmse,validation_mae,validation_rmse
4,1,0.07938841620173342,0.3984681071346449,0.3281944152111031,0.4119182934200967
4,2,0.060735767779284015,0.3485276682826889,0.28285220816434864,0.355207307935491
4,3,0.04718497985405355,0.3071969396138365,0.2411503358910367,0.3098617447050485
4,4,0.03731421407178821,0.2731820421323049,0.20937998649019732,0.27465986623562094
4,5,0.027511129976428742,0.23456824156918063,0.1769582057101255,0.23557528018630336
4,6,0.016201578945623775,0.180008771706402,0.13453582769064956,0.1792055633434489
4,7,0.01297959857850812,0.16111858104208912,0.12236435127348716,0.16040028205068063
4,8,0.01264478688680953,0.1590269592667201,0.12315606767726346,0.15862950549372684
4,9,0.012610695717051566,0.15881244105580372,0.12459953005554446,0.15850688645238786
4,10,0.012609090486399823,0.1588023330206444,0.12385468856781633,0.1585781472274186
4,11,0.012620616589289289,0.15887489788691786,0.1252116402728192,0.15854941654790825
4,12,0.012629114119064477,0.15892837455322115,0.12368499114096977,0.1587371654997277
4,13,0.012614406689796806,0.15883580635232603,0.12510407788757633,0.15863607463130336
4,14,0.012608719494907869,0.15879999681931906,0.12471078047948735,0.15854429048323024
4,15,0.01262412332936,0.15889696868952535,0.1252849065424342,0.15860670427473245
4,16,0.012641054839088279,0.15900348951572277,0.12556923510755758,0.15870093505739963
4,17,0.012651346849424839,0.15906820455027987,0.12587191860019636,0.1587257591287992
4,18,0.01260547827680255,0.15877958481368157,0.1245020851696359,0.15859344034854908
4,19,0.012616227236195406,0.15884726775236271,0.124050909890436,0.1586631690149078
4,20,0.012604774197424527,0.15877515043245607,0.12435343871959788,0.15853594410106103
4,21,0.012612037461836718,0.15882088944365422,0.12396983634841881,0.15861626103253232
4,22,0.012606520785335314,0.15878615043721736,0.1240867871659068,0.1586045188853402
4,23,0.012652840168067805,0.15907759218738385,0.12370288374744037,0.15892865249842605
4,24,0.012605367156080878,0.15877888496951273,0.1246369641234422,0.1586289939854146
4,25,0.012615118721122157,0.1588402891027472,0.1239258818096611,0.1586812553573101
4,26,0.012610694968107742,0.1588124363399022,0.12505732835262953,0.15856222223433944
4,27,0.012620464670640347,0.15887394166848348,0.1253620605258006,0.1586258852719497
4,28,0.0126052513935591,0.1587781558877612,0.12430803629843482,0.15858838813924322
4,29,0.01262049389961225,0.15887412564424863,0.12526451611013256,0.15859912892504607
4,30,0.012605419286637777,0.1587792132908951,0.12433686976158048,0.15850617054530203
4,31,0.012616354618449005,0.15884806966689274,0.12460051853589953,0.15857583383353485
4,32,0.012640355531578556,0.1589990913909797,0.1252645384546004,0.15862908944057433
4,33,0.012604816754436712,0.1587754184654332,0.12450899274062074,0.1585182212555871
4,34,0.012608378311532045,0.1587978482948182,0.12436353445019172,0.1585509004736794
4,35,0.012607667747010437,0.15879337358347442,0.12405542749852003,0.15863476768787935
4,36,0.01263029474604724,0.15893580305297633,0.12334117518074895,0.15880003303132426
4,37,0.012614988081322913,0.158839466640523,0.12405497673620687,0.1587045266607091
4,38,0.012605410565505182,0.1587791583647248,0.12446409899792935,0.1585635041625623
4,39,0.012612397108775666,0.1588231539088408,0.12378693198659912,0.1585830639332676
4,40,0.012612487438579824,0.1588237226523785,0.12372843397500101,0.1586059977850755
4,41,0.012652904559996188,0.15907799697001587,0.12322372816548359,0.15894432162043695
4,42,0.012628860967462841,0.1589267816792553,0.12517163913871995,0.15867620188893514
4,43,0.012607532112667783,0.15879251942498918,0.12455031141025813,0.15860753056131616
4,44,0.012620458130842591,0.15887390050503947,0.12396315878942313,0.15869082674244048
4,45,0.012654312091055976,0.15908684478017643,0.12321158377433897,0.15900784100864862
4,46,0.012632475769183549,0.15894952512784397,0.12346915168022614,0.1588547585961561
4,47,0.012607807577152845,0.15879425416023618,0.12435811877904357,0.15862850731280365
4,48,0.012612713321448865,0.15882514486975208,0.12488273103703662,0.1586303841397978
4,49,0.012639271582950291,0.15899227391889387,0.12336075329888471,0.15884595991069542
4,50,0.012608799075888072,0.15880049795821216,0.12490765148218921,0.1585670519178046
4,51,0.012615058449870317,0.15883990965667485,0.12395121172067948,0.15861957331038648
4,52,0.012610029208186454,0.15880824417004588,0.12471866596489235,0.15847541153260944
4,53,0.012613853090810456,0.15883232096025326,0.12379180994996522,0.15861992962635152
4,54,0.012606229625558235,0.15878431676685348,0.12411231544208733,0.1585775223846493
4,55,0.012606805627289124,0.1587879442986093,0.12452221880579643,0.15853549622355154
4,56,0.012603737150989669,0.15876861875691725,0.12441209403768776,0.15856138258105248
4,57,0.012608065497280984,0.15879587839286624,0.12421724092906324,0.15864739544554635
4,58,0.01264696150813224,0.15904063322391696,0.12595248739124368,0.15869631045547344
4,59,0.012631871399800045,0.1589457228100212,0.12361312189583326,0.15874351747215967
4,60,0.012610271099276694,0.158809767327307,0.12461867342882321,0.15849965442655686
4,61,0.01260741563274793,0.1587917858879856,0.12449101328336588,0.1585192959025355
4,62,0.012612220220924559,0.15882204016398077,0.12471498791570886,0.1585002729752045
4,63,0.012614793671530877,0.15883824269697067,0.12361636403856155,0.15860999280459628
4,64,0.01260883232023675,0.15880070730470158,0.1238941229980703,0.15857895928863527
4,65,0.012615969827968036,0.15884564726783063,0.12386685093385107,0.15856317024497274
4,66,0.012628567417924069,0.15892493459444348,0.12350498907017597,0.15872155920373998
4,67,0.012607680449777564,0.15879345357902866,0.12420574036550154,0.15861355821780795
4,68,0.01261358566487163,0.15883063725158084,0.12382560421615917,0.15862331087373868
4,69,0.012604696014636062,0.15877465801969823,0.12414036816634602,0.1585127084851924
4,70,0.01278046227869659,0.15987784260926582,0.1273516613464352,0.15933693769508703
4,71,0.012644104088287766,0.15902266560643338,0.1256676273649082,0.158657711357715
4,72,0.01261319119979963,0.15882815367433842,0.12372143267889318,0.15863315024047908
4,73,0.01264336480153113,0.15901801659894474,0.12574755096068643,0.1587491273729433
4,74,0.01263420716798709,0.15896041751321044,0.12366346884090736,0.15874081266660287
4,75,0.012617279574605553,0.15885389245848244,0.12521629594061276,0.15855049465688806
4,76,0.01260666217866537,0.15878704089859078,0.12437175828045059,0.15860427626944928
4,77,0.012652412830977221,0.15907490582098247,0.12605255846824875,0.1587746205303271
4,78,0.0126141878857415,0.15883442879767282,0.124971197403013,0.15853405960652417
4,79,0.012654020235114458,0.1590850101996694,0.12314933707649481,0.15889354352904547
4,80,0.01261000751156279,0.1588081075484674,0.12390227803597934,0.15857459970323676
4,81,0.01261152877564152,0.15881768651911235,0.12409028895905526,0.15863712697318585
4,82,0.012632315201155896,0.15894851494214027,0.12547348810009665,0.15862108795376728
4,83,0.012604852287139385,0.15877564225749102,0.12424500332133508,0.1585968945434466
4,84,0.012626748312340943,0.1589134878626792,0.12504158850901,0.15860249684531916
4,85,0.012605588561824914,0.15878027939152214,0.12448793736625201,0.1585763896600594
4,86,0.012606868927937694,0.1587883429470671,0.12428771908576404,0.15854159087162215
4,87,0.012607025518527564,0.1587893291032339,0.12431263081848977,0.1585683074276199
4,88,0.01260973287276871,0.1588063781639057,0.12439323122570817,0.15857488565998532
4,89,0.012621976199809174,0.15888345539929055,0.12511851314478062,0.1586057915034256
4,90,0.012605690625893068,0.15878092219087953,0.12467382349513258,0.1585453707587747
4,91,0.012608484059006352,0.15879851421853008,0.12458119333615329,0.15852429140562496
4,92,0.012604381542837698,0.158772677390272,0.12433495016518026,0.15856238357724772
4,93,0.012608761640410094,0.15880026221899066,0.12497825740579936,0.15859631793391665
4,94,0.012607212525182926,0.15879050680177909,0.12413087466383971,0.15861878229509796
4,95,0.012604542433907706,0.1587736907293378,0.1242420056228492,0.1585417073052413
4,96,0.012607125549910883,0.15878995906486582,0.12434461395080477,0.15855563379898233
4,97,0.012613382515779162,0.15882935821679292,0.123746680334802,0.1586547610307728
4,98,0.012622474024037732,0.1588865886350244,0.12521018242292356,0.15860300383753295
4,99,0.012611321930886057,0.15881638410999072,0.12514557258102002,0.15864458467885803
4,100,0.012622897242647214,0.1588892522648855,0.12388038722457469,0.15874094671887998
4,101,0.012607123693288595,0.15878994737254998,0.12411094360672417,0.158591093852409
4,102,0.012707252385549511,0.1594192735245617,0.1264080282959249,0.15911231948986987
4,103,0.01260737858138997,0.15879155255485078,0.1247914548567205,0.1585274003237362
4,104,0.012615315383207941,0.15884152721003372,0.1238925795209362,0.15857895758101315
4,105,0.012661391647062105,0.15913133976097923,0.12598794119874823,0.15878903469923158
4,106,0.012617811232686384,0.15885723926020107,0.12383507980647693,0.15862734834546613
4,107,0.012604256972681664,0.1587718928065145,0.12419700052542898,0.15855577148906858
4,108,0.012608024520870176,0.15879562034810768,0.12414679088492547,0.1585613214974554
4,109,0.012606150287523434,0.1587838171069296,0.12451664474554727,0.15856970266942363
4,110,0.012607086012072534,0.15878971007009576,0.12414794939106064,0.1585915076558418
4,111,0.012648035306878155,0.15904738480640387,0.12319374401727018,0.15888214140636547
4,112,0.012606675949707888,0.15878712762505587,0.12414338577481973,0.15858414434007836
4,113,0.01260612644969387,0.15878366697928267,0.12450595181613106,0.1585859357266467
4,114,0.012606242229696293,0.15878439614581966,0.12462638814429927,0.15853406342684426
4,115,0.012610859312911785,0.15881347117239006,0.12489943589175041,0.15857435592416042
4,116,0.012623729264525152,0.1588944886679532,0.12370628637445527,0.15874152033497893
4,117,0.012620474089386826,0.15887400095287352,0.1251524068807095,0.1586430539328503
4,118,0.012632572624497842,0.1589501344730343,0.12342768332743423,0.1587785509123734
4,119,0.012621065229761159,0.15887772172183964,0.1238651600844923,0.15865596386984576
4,120,0.01262395128962765,0.15889588597334828,0.12390911637159874,0.15866570721949036
4,121,0.012662831064509448,0.1591403849719451,0.1260594320405334,0.15886154945274703
4,122,0.01261969364285763,0.15886908851540396,0.1235770804945948,0.15871170006384153
4,123,0.012612511280815957,0.15882387276990798,0.12487254567253878,0.15857585781216008
4,124,0.012612494303116109,0.1588237658734744,0.12407892255894919,0.1586563196940289
4,125,0.012630720888234769,0.15893848425246018,0.12395031517927797,0.15877134727797373
4,126,0.012607880387690264,0.1587947126808085,0.12443597258619311,0.15860844329067794
4,127,0.012608366329945497,0.158797772842981,0.12441009944946929,0.15850833383086377
4,128,0.012643112236531251,0.159016428311865,0.12336066347210642,0.158890492955994
4,129,0.012609972785188633,0.15880788887954297,0.1242454341013715,0.15861319480277822
4,130,0.012638542585444916,0.15898768874000851,0.12363053930060416,0.15883523583713874
4,131,0.012607966327182234,0.15879525387858565,0.12399311259389734,0.15863157829834376
4,132,0.01264040471033014,0.1589994006927708,0.12545251118986595,0.15871895319351628
4,133,0.012607422063448582,0.15879182638567127,0.12419832566382069,0.15855200409391002
4,134,0.012630830494335913,0.15893917386431775,0.1253283533827451,0.1586596222144486
4,135,0.01260476621358674,0.15877510014852292,0.12438394487714938,0.15851300592491785
4,136,0.01260621613665904,0.15878423181575077,0.12449310339342591,0.15853421176435828
4,137,0.012605001101765071,0.15877657951829716,0.12450980130300572,0.15848854241030383
4,138,0.012606774430925217,0.15878774783291824,0.1246664050936855,0.15853768556594167
4,139,0.012620456911182005,0.1588738928281296,0.1251920881974346,0.15859846646134224
4,140,0.012606442754024129,0.15878565901254513,0.12449652522756104,0.1585561688619232
4,141,0.012613287844979523,0.15882876216214445,0.12411700045502447,0.1586562754771946
4,142,0.012605017661266359,0.15877668381262003,0.12462105544342297,0.15851809018338658
4,143,0.012607447674267795,0.15879198767108998,0.12394990987654322,0.15863724022563355
4,144,0.012614025909914742,0.15883340901658405,0.12374349934085198,0.1586122779820886
4,145,0.012622403874140074,0.1588861471251668,0.1252695091757472,0.15853572732508253
4,146,0.012634303585172434,0.1589610240604434,0.1256008546900396,0.15869266353777803
4,147,0.012607622966409429,0.15879309157774735,0.12428635157518296,0.1585447332092964
4,148,0.012605502391412279,0.15877973668835882,0.12454227324931554,0.15848576042398332
4,149,0.012605469858459157,0.15877953179461865,0.1246523783677398,0.15852062625695892
4,150,0.012616767147166297,0.15885066664742895,0.12497871742177717,0.15857254214739855
4,151,0.012603711868980795,0.1587684595187646,0.12437405809698253,0.15853104951585478
4,152,0.012734361392488921,0.15958923141922152,0.12677085057256843,0.15907015958764334
4,153,0.012643379682246091,0.15901811017771586,0.1254941815414831,0.1585788076036123
4,154,0.012608805262121292,0.1588005369142138,0.1246424675888363,0.1584661583605132
4,155,0.012607320211174826,0.15879118496424685,0.12429635717875849,0.15850494774802582
4,156,0.012605476342816477,0.15877957263336162,0.12440996696669686,0.15849047969116284
4,157,0.012619653111213859,0.1588688333891444,0.12400542199011302,0.15871187447396948
4,158,0.012641862544413528,0.15900856923080295,0.12355843901034631,0.15888989361418088
4,159,0.012606780622265314,0.15878778682420958,0.12440227093192216,0.15854010019305448
4,160,0.012608380624408746,0.1587978628597296,0.12396689220248229,0.15862624332877914
4,161,0.012605658505552706,0.1587807198973018,0.12431394064540005,0.15860814979901836
4,162,0.01260836909320572,0.15879779024410712,0.12452692218476571,0.15850897626275304
4,163,0.012603230755260873,0.15876542920460282,0.12435762607719816,0.1585507092609544
4,164,0.012605298234853226,0.15877845089843412,0.1240423219509942,0.15857621615393527
4,165,0.012610423506646696,0.15881072700952348,0.1248335630195246,0.1585651289086779
4,166,0.012717540283920848,0.15948379406021695,0.12689974822813335,0.15904987576788646
4,167,0.012606371026349282,0.158785207285498,0.12472835414286555,0.1585307919061254
4,168,0.012607460917762714,0.1587920710725993,0.12428290915944648,0.15857245539863826
4,169,0.01260719633136469,0.15879040481946438,0.1243019236393165,0.15858558752327864
4,170,0.01264185028515473,0.15900849213268284,0.12329139597647151,0.15886440101312382
4,171,0.01260641907348635,0.1587855098772325,0.1243849639843153,0.15846044170632587
4,172,0.012608449336968499,0.15879829556370245,0.12411191492607908,0.15854524922556157
4,173,0.01263736626222874,0.15898028973573258,0.1235093981383728,0.15882353657358048
4,174,0.012606221955764413,0.15878426846362592,0.12449385363566016,0.15854726721928247
4,175,0.01261847508107254,0.15886141810441287,0.12373614916284267,0.15861651759349976
4,176,0.012605993035090005,0.15878282674829797,0.12447619649054341,0.15853708296048932
4,177,0.012611897163465127,0.1588200060663966,0.12396014536595165,0.15854174298168858
4,178,0.012617491816284746,0.15885522853393744,0.12370719612938333,0.15868648161625268
4,179,0.01262348054449012,0.15889292334456007,0.12531716457625217,0.1586979785749275
4,180,0.012614688343893657,0.1588375795830046,0.12504948975103042,0.15856609649869874
4,181,0.012605572272736102,0.15878017680262296,0.12402594942810533,0.15859146344998434
4,182,0.012606089784770746,0.15878343606793968,0.12449414680669643,0.1585694573281866
4,183,0.01263196481567745,0.1589463105308044,0.12344704183293544,0.15877774517860557
4,184,0.012639170507662273,0.15899163819309664,0.12320595105531168,0.1588543174573219
4,185,0.012659120838472636,0.1591170690936245,0.12315816412091792,0.1590341591613483
4,186,0.012605052773132357,0.15877690495240393,0.12441376033025056,0.15852870964592145
4,187,0.012609651295401631,0.15880586447232753,0.12382919829404701,0.1586162215550188
4,188,0.012706222358457031,0.15941281227339935,0.12636490321656405,0.1590244008134967
4,189,0.012616529927215634,0.1588491732884728,0.12376786466636455,0.15868180067304016
4,190,0.012646663658152665,0.1590387604211795,0.12332577501029261,0.15891799959150088
4,191,0.012617193801075687,0.1588533525052316,0.12499023813722704,0.15855580653251367
4,192,0.012606271898413134,0.1587845829947803,0.12393841431664508,0.1585721788710542
4,193,0.012621708133104537,0.15888176819952965,0.12390074381875929,0.15871283815745493
4,194,0.012637531251490447,0.15898132752930733,0.12533353514518367,0.15855174603969518
4,195,0.012605438140164,0.15877933203136987,0.12434234378965438,0.15858416450911123
4,196,0.012621296891856459,0.15887917983081648,0.1237163654718637,0.1587805838430853
4,197,0.012605508434497063,0.15877977474790084,0.12423052876936784,0.15856997687944321
4,198,0.012702732393408751,0.15939091814409473,0.12665244483596272,0.15900224459548648
4,199,0.012623465422140094,0.15889282817131864,0.1239264943379517,0.15868277603481803
4,200,0.012623515686657046,0.15889314451326744,0.12398707184235107,0.1586888013016834
4,201,0.0126059346652255,0.15878245913970157,0.12482777944615904,0.15860023823085473
4,202,0.012617020923179727,0.15885226421540063,0.12404152474690955,0.15864540238623498
4,203,0.012609494325315329,0.15880487602914042,0.12428011756248909,0.15866124323708383
4,204,0.012612023698415605,0.15882080278361274,0.1239555028600752,0.1586094828153866
4,205,0.01264020244330084,0.15899812856320567,0.12351094016940443,0.15877051484720153
4,206,0.012605532174508502,0.15877992426316687,0.1247202892795394,0.15857552844762166
4,207,0.012608582295892476,0.15879913284330285,0.12487270018270304,0.15853140371354074
4,208,0.012617467704327803,0.1588550767481342,0.12393794424866973,0.15864160825020499
4,209,0.012607416733703573,0.15879179282131411,0.12464422557584795,0.15853407346676027
4,210,0.01261724308460343,0.1588536627503655,0.12485511327616965,0.15865759704626828
4,211,0.012611688177580136,0.15881869019470055,0.12447753047090448,0.15864094383405153
4,212,0.01260631760427955,0.15878487084278245,0.12443970726039791,0.15854555411290105
4,213,0.012608678235101417,0.15879973699664252,0.12465289275262348,0.15862011542501292
4,214,0.012606785342159239,0.15878781654874682,0.12468578142591077,0.1585290635057608
4,215,0.012621015392976047,0.15887740804139552,0.1251320151179227,0.1585527460388938
4,216,0.012605202036231274,0.15877784503028924,0.12419382544441544,0.15851155041593354
4,217,0.012632913700972456,0.15895228026657848,0.12538304822749302,0.15860222880525446
4,218,0.012637034813002176,0.1589782048772861,0.12340181387110052,0.15880686530443808
4,219,0.012765791500400213,0.15978605383699926,0.12754876744178636,0.15935355646842453
4,220,0.012627160877493273,0.15891608400343415,0.12340014627646004,0.15874998871608223
4,221,0.01262377988160406,0.15889480722543492,0.12508146441520215,0.1586653727079377
4,222,0.012617192323002435,0.15885334320059138,0.12358383126679531,0.15872871578064837
4,223,0.012626678285411374,0.1589130472013634,0.12374030721932192,0.15879482258361108
4,224,0.012617801905965143,0.15885718054885112,0.12514557602595416,0.1585254210169434
4,225,0.012648858928091528,0.15905256318646063,0.12358748456284639,0.1588696777763265
4,226,0.012603929104517542,0.15876982776659765,0.12420215439120999,0.1585420500378587
4,227,0.012631765875218288,0.15894505890538585,0.1237452352459986,0.1587442749875874
4,228,0.012621188163069794,0.15887849548047586,0.12528497802403554,0.15861163365810332
4,229,0.012607235573274311,0.15879065194950434,0.1242068621092268,0.15861625383393746
4,230,0.012612931781701938,0.15882652034028788,0.12397546012375102,0.15864046589374017
4,231,0.012608275235792527,0.1587971991931377,0.12486007237342225,0.15857286278301602
4,232,0.012605343000825837,0.15877873283803368,0.12418532791033374,0.15860059342056118
4,233,0.01260589744402792,0.1587822247232222,0.12450574567388953,0.15857104457826973
4,234,0.012607268188581437,0.15879085734752765,0.12425860394209937,0.15864463423199315
4,235,0.01262122606839631,0.1588787340608951,0.12384630738461747,0.15871902856841114
4,236,0.012666988549141925,0.15916650746398833,0.12601667125231528,0.1587933517966077
4,237,0.012616919697194771,0.15885162698061844,0.12402204132290238,0.15865532991648615
4,238,0.012663609009137286,0.15914527331427275,0.12321106473910959,0.1589866945661622
4,239,0.01260869117820817,0.15879981850246663,0.1249486872908221,0.1585459760912831
4,240,0.0126262958060685,0.15891064033643876,0.125550106273871,0.15861769658030309
4,241,0.012625449213367206,0.15890531277063838,0.12384273537347205,0.15876566238423184
4,242,0.012607770206359016,0.15879401881909164,0.12391817889025165,0.1586271286238204
4,243,0.012636938779682886,0.15897760081019519,0.12350390262504128,0.15875689319828504
4,244,0.012610653641492643,0.15881217611690007,0.12465554735813607,0.15850681974424413
4,245,0.012604964145059874,0.15877634675895447,0.12447287149701936,0.15856503172214448
4,246,0.01262727578795175,0.15891680709070233,0.12365663380810199,0.15879336974457867
4,247,0.012604578445102252,0.15877391753749892,0.12440701511286141,0.15856662141979821
4,248,0.01269526361109616,0.15934405298658724,0.1265498258285577,0.15896432797703441
4,249,0.012632059920427423,0.15894690887480273,0.1240844820410017,0.15871186318504332
4,250,0.012673657324563239,0.15920840005830872,0.12592235433197463,0.15878024947206842
4,251,0.012606705359158938,0.15878731283801573,0.1245791062965653,0.15848605946431024
4,252,0.0126044307870524,0.1587729875454411,0.12436668945698703,0.15854769707154304
4,253,0.012622525021952213,0.15888690960524227,0.12505832286141536,0.15853089514966953
4,254,0.012618750731723572,0.1588631532591719,0.12357765403408452,0.15864000039576515
4,255,0.012616908981821636,0.15885155952537347,0.12512962640444245,0.15860565195342063
4,256,0.012612237266999832,0.1588221474920915,0.12478852215671726,0.15861361230463963
4,257,0.01261730164170317,0.15885403137284979,0.12400646027936282,0.1586567536284573
4,258,0.012606011998475941,0.15878294617795666,0.12421825557164827,0.15862855990328123
4,259,0.01260714635532026,0.15879009008952832,0.12439302318686268,0.15859081101955008
4,260,0.012606184248855309,0.15878403099087332,0.12407967227937403,0.15862207552239052
4,261,0.01264396827616103,0.15902181156156553,0.12556829006573683,0.1587272967450354
4,262,0.012625636483070649,0.15890649126496154,0.1233793432440738,0.15879792267850923
4,263,0.012618928317999588,0.15886427111216408,0.12361356953843895,0.1586652184096998
4,264,0.01263687672506791,0.15897721047412997,0.12527457941519018,0.1585894864487823
4,265,0.012627604935999535,0.15891887827441734,0.12352761962378861,0.1587074668260061
4,266,0.012604129070330278,0.15877108723146213,0.1243796882652205,0.15855674319254126
4,267,0.012609965601137144,0.15880784364216488,0.1244356782845476,0.15859164752955743
4,268,0.01261078190820734,0.15881298377782177,0.12469780390967915,0.15855466652605568
4,269,0.01260689399328119,0.15878850080078966,0.12402759905342763,0.15861051858197783
4,270,0.01263310527216436,0.15895348547398613,0.12377773438774062,0.15886596224230073
4,271,0.012608753510815586,0.15880021102514685,0.12393787575791397,0.15865467630631455
4,272,0.012717098233567394,0.15948102227893696,0.12294740617141145,0.1593581560051963
4,273,0.012615939137515157,0.15884545405843478,0.12365430170281932,0.15870923305142337
4,274,0.012611949047027707,0.15882033274759064,0.12387077383136362,0.15865114233899527
4,275,0.012605817355092546,0.15878172032757767,0.12450291639836057,0.1586031137918576
4,276,0.012620356370532911,0.15887325999382595,0.12352341215491094,0.15875315339726165
4,277,0.012613689049632225,0.158831288162202,0.12508172484386482,0.15855487030198237
4,278,0.012615779304284255,0.1588444478367705,0.12394794567848941,0.1586694878740914
4,279,0.012626454752348453,0.15891164055756554,0.12523524619949108,0.1586385649497083
4,280,0.01260721658025876,0.15879053233904572,0.12405580220742554,0.15861023798880627
4,281,0.01261390986841758,0.15883267842870108,0.12381629909180705,0.15868118073450066
4,282,0.012613507555226763,0.15883014547136046,0.12492451729958641,0.15864616821868177
4,283,0.012611977314650927,0.15882051073240464,0.12481988110447537,0.15857841525378177
4,284,0.012617386260473557,0.15885456405450588,0.12390731787069062,0.1587088745005267
4,285,0.012635253330038097,0.158966998650903,0.12565578836636773,0.1586365894385116
4,286,0.012607275200143275,0.1587909015034758,0.12443896312297027,0.15845977136256476
4,287,0.012666294167853547,0.15916214479488236,0.12326867559157596,0.15900219345073105
4,288,0.012603730281366783,0.15876857548877096,0.1244025005756202,0.15856921899659457
4,289,0.012656951587067295,0.15910343545673233,0.1259548418333389,0.15879552726676124
4,290,0.012618651879888535,0.15886253101275036,0.1252259360546665,0.15857450374673115
4,291,0.012613859018441472,0.1588323582803043,0.12498235467475413,0.1586003019513286
4,292,0.012605792133260844,0.1587815614815577,0.12459753786951637,0.1585826810123135
4,293,0.012616767211012002,0.15885066704935175,0.1254252111276919,0.1586157621604392
4,294,0.012619213226069974,0.1588660645076221,0.12394273803022751,0.15870389279766295
4,295,0.012612878617446371,0.1588261856083333,0.123916395440769,0.15867192340561664
4,296,0.012647019839455395,0.15904099999343185,0.1254451843034304,0.1587740683070893
4,297,0.012604784823752324,0.1587752173593368,0.12465321105985647,0.15856593320942347
4,298,0.012649836270064883,0.15905870784125517,0.12331455179688627,0.15898444069537773
4,299,0.012611930553636656,0.15882021630533474,0.1247592195923059,0.158573547082872
4,300,0.012621393094216487,0.15887978533606148,0.12533229814880262,0.1585694067686099
4,301,0.012608147070890556,0.15879639209308602,0.12393157247223195,0.15852662230169048
4,302,0.01260982789405566,0.15880697650957062,0.12468947419138672,0.158549086087786
4,303,0.01260618245267751,0.15878401967879205,0.12400781444434,0.15859398476943104
4,304,0.012637358231117767,0.15898023921933044,0.12342171315830901,0.15881329920616397
4,305,0.012610864530221729,0.15881350402419644,0.12437086367325369,0.15858466350201672
4,306,0.012608820087847415,0.15880063027486643,0.12466425767063313,0.15860437753079834
4,307,0.01260661771307275,0.15878676086546228,0.1246386651508565,0.15853814676041333
4,308,0.012648411570695675,0.1590497505228831,0.12339929336468908,0.1588874595239623
4,309,0.012687704840561158,0.15929660913253085,0.12330045761134774,0.15917956535303263
4,310,0.012608956366671592,0.1588014884481351,0.12480997254307886,0.15864453470899567
4,311,0.012618714298943965,0.1588629239246462,0.12494443733464358,0.1586805923644568
4,312,0.012612209670407432,0.15882197373416207,0.12381447207596082,0.1586844183073457
4,313,0.012611340061779906,0.15881649827256553,0.1239866286369633,0.15865132903708418
4,314,0.012607743823237908,0.15879385267218568,0.12472064332917332,0.15852354869547894
4,315,0.012605324563349282,0.15877861671742377,0.124302535223292,0.1585767047169027
4,316,0.012626587596830321,0.15891247651981466,0.1253062694694259,0.15865765341204946
4,317,0.012608174891890022,0.1587965672921806,0.1244281394379378,0.15852433342586078
4,318,0.01260626799308494,0.15878455839964375,0.12436601515183511,0.15860875545724898
4,319,0.01262043480199778,0.15887375366622256,0.12372001865450576,0.15871199468282698
4,320,0.01260757459774075,0.15879278697561014,0.12455500253618525,0.15851353107346583
4,321,0.01260821953136131,0.15879684840299135,0.12482437269001523,0.158493465629549
4,322,0.012608198674148058,0.1587967170576776,0.12422690252860123,0.1584946347157794
4,323,0.012619599031212899,0.15886849298217,0.12497612105133238,0.1585741513421341
4,324,0.012669071298782758,0.15917959227729386,0.12608153537111386,0.1588301518306615
4,325,0.012608133311637215,0.1587963054459216,0.1241729041428285,0.15853778795915316
4,326,0.012644601016490991,0.1590257904648865,0.12583835886880407,0.15864101619897883
4,327,0.012731347892516176,0.15957034744911835,0.12695797260231828,0.15920585036038926
4,328,0.012609082061906154,0.15880227997044724,0.12407232179316532,0.1585373827270472
4,329,0.012616934431180771,0.15885171973372383,0.12386340588808906,0.15862078645614175
4,330,0.0126260418755317,0.1589090423829412,0.12524604959925237,0.1586860934076449
4,331,0.012620265877107809,0.15887269039773833,0.12397389712371644,0.15872199188524988
4,332,0.012608078604759255,0.15879596093578233,0.12404678832240865,0.1586309900035986
4,333,0.012605585907854187,0.15878026267678352,0.12441468045539487,0.15860852624838156
4,334,0.01260801735689033,0.15879557523363383,0.12469814253826987,0.1585262641305886
4,335,0.012660717130460937,0.15912710096310395,0.12578727612166932,0.15880984978430399
4,336,0.012606589207794788,0.158786581346125,0.1238801118187284,0.15854070150568475
4,337,0.012606482980467503,0.15878591235035622,0.12448239673250643,0.15856096974602604
4,338,0.012606275629841015,0.1587846064947167,0.12427371102224022,0.15861308197245147
4,339,0.01260758812649519,0.15879287217312488,0.12488221036514115,0.15854364598451834
4,340,0.012613537714172883,0.15883033535299787,0.12468229175152169,0.15856853590736716
4,341,0.012608482228167107,0.15879850268920742,0.1242902002853389,0.15857541718212181
4,342,0.01260620285750499,0.15878414818554773,0.12427733156711436,0.15854133406112114
4,343,0.012609339975522953,0.15880390407998762,0.12418178338728748,0.15853721748126715
4,344,0.01261109910071812,0.15881498103590933,0.12393711004041114,0.1586442263902961
4,345,0.012607851189736995,0.15879452880837547,0.1241323636815764,0.15853886178416127
4,346,0.012621407581132234,0.15887987651765237,0.1236558104801216,0.1586444706370621
4,347,0.012608958106717678,0.15880149940550106,0.12447497302062921,0.15856884246219327
4,348,0.01262609469323912,0.15890937475957245,0.1235951128492486,0.1587016014818239
4,349,0.01260470644388679,0.1587747237055495,0.12417140928869003,0.15852976346139833
4,350,0.012615378546562592,0.1588419248596704,0.12403578859251807,0.15863710182011806
4,351,0.01265614783504442,0.15909838361871825,0.12576738874003549,0.15872214824484837
4,352,0.012607283855022416,0.15879095600834714,0.1245307435041417,0.15851809894956911
4,353,0.012607514543055566,0.15879240877986306,0.12408336111642503,0.1586006903011839
4,354,0.012604889358370137,0.15877587573916976,0.12421069267928266,0.1585322579210295
4,355,0.012622833580498346,0.15888885159442964,0.12384654800841775,0.15872387585315448
4,356,0.012607881713912136,0.1587947210326095,0.12441891934168538,0.15866759810268624
4,357,0.012606356143055993,0.1587851135532295,0.12420581716762513,0.15855217805721777
4,358,0.012618441081528913,0.1588612040841244,0.12522065614729955,0.15863260461194797
4,359,0.012618423693669488,0.15886109463093528,0.1253378918681638,0.15858843505695944
4,360,0.01262329427768537,0.15889175106144038,0.12540623912863846,0.15860153286315323
4,361,0.012670900465377177,0.15919108307551133,0.12609982430103311,0.15883513289824952
4,362,0.01262709816588054,0.158915689382015,0.1234199611403981,0.15873961736566977
4,363,0.012608927266731653,0.15880130520075492,0.1248519435246763,0.15860634008644092
4,364,0.012608379454789652,0.15879785549427078,0.1246249855246583,0.15848549901896877
4,365,0.012606225935166377,0.15878429352531298,0.12432996474057768,0.15858865733915936
4,366,0.012609547391003331,0.15880521018532945,0.1241571295826527,0.15849028837900264
4,367,0.012606757905064846,0.15878764375772345,0.12473976398375736,0.1585462972589897
4,368,0.012609653146089783,0.15880587612610425,0.12484839146038264,0.1585791535178391
4,369,0.012607256652861262,0.15879078470025432,0.1242478687535418,0.15859618061889233
4,370,0.012620023510986188,0.1588711648537027,0.1252213944235262,0.15868609420115187
4,371,0.012644591012273205,0.1590257275554695,0.1257172080930452,0.1587233090392629
4,372,0.012605893906555539,0.15878220244445243,0.12426700986992316,0.15852131859899737
4,373,0.012611284236459542,0.15881614676385736,0.12471778410810712,0.15863021964834573
4,374,0.012612720463319464,0.15882518983662172,0.12473947193409221,0.15853693401431085
4,375,0.01262155320038478,0.15888079305180208,0.12509937070922908,0.15863067748525922
4,376,0.012604636481324996,0.15877428306451266,0.12426316515023011,0.15852785754084228
4,377,0.012604031253497535,0.15877047114307832,0.12439273626169564,0.15858069575374406
4,378,0.012668688831973047,0.15917718952144524,0.12608696840259745,0.15880356656762754
4,379,0.012607685932857833,0.15879348810866165,0.12442396186912554,0.15846067715467008
4,380,0.012610405821705568,0.15881061565087876,0.12481956054882891,0.15852297866362078
4,381,0.012607331593177661,0.1587912566432904,0.12465602792667446,0.15851748249494943
4,382,0.012609631578279417,0.15880574031362604,0.12411752423632497,0.1585863874530098
4,383,0.01261353037269434,0.1588302891308477,0.1250966335859232,0.1585153397621617
4,384,0.012607864829710023,0.1587946147053484,0.12427244902105762,0.15847627128210662
4,385,0.012633852641832935,0.1589581872181042,0.12356854444997988,0.15878469020444358
4,386,0.012607247094740185,0.15879072450707052,0.12450518182875693,0.1585344963854911
4,387,0.012629739715370831,0.15893231084566053,0.12359178588141556,0.15879257341042335
4,388,0.012605797299093285,0.15878159401576294,0.12436005067497097,0.1585856019065754
4,389,0.012640731370783259,0.15900145515550013,0.12558919919320993,0.15873130965205673
4,390,0.01260534420598906,0.15877874042823906,0.12454492037662655,0.15861310102194723
4,391,0.012607028563131506,0.1587893482770901,0.12462269393775019,0.15852539904255747
4,392,0.01260927518145683,0.158803496066408,0.12472089832347177,0.15855180166303945
4,393,0.01262606605848679,0.15890919456398228,0.1251902884019212,0.15853499066426738
4,394,0.012606640805719327,0.15878690629720907,0.12415064476079161,0.15851923248839683
4,395,0.012607839292801468,0.15879445388804653,0.12427959052231005,0.1585937566631879
4,396,0.012650068811336457,0.15906016981844612,0.12312721841786896,0.1589653485184915
4,397,0.012612896655044696,0.15882629917645688,0.12481400759131503,0.15863849876739688
4,398,0.012641921947135586,0.1590089428122556,0.12567552452284622,0.1586996587571054
4,399,0.01260848648152891,0.15879852947385192,0.1242559783748176,0.1585663784412642
4,400,0.01267529064960318,0.15921865876588195,0.1263451321242097,0.15890778425642316
4,401,0.012604310343246022,0.15877222895233298,0.12436744706496825,0.1585569333579936
4,402,0.012614975184458551,0.15883938544617043,0.12497123821130302,0.1585690466837876
4,403,0.012608239240668541,0.1587969725194315,0.12408433225541612,0.15858105254562146
4,404,0.012604435230614334,0.15877301553232737,0.12440508216967859,0.15855823032045963
4,405,0.012612864495490343,0.158826096693776,0.1247355830876784,0.15856007493325983
4,406,0.012624090539489374,0.15889676233007,0.12524207058886752,0.15854482982038554
4,407,0.012625374764045447,0.15890484425621168,0.12361581697331682,0.15875090965711192
4,408,0.012611467486687802,0.1588173006110342,0.12464226823170908,0.15849990729179705
4,409,0.012610803274965984,0.15881311831814138,0.1241228205357518,0.158454341408727
4,410,0.012625729878403873,0.1589070790015591,0.12362131395863685,0.1587088634909876
4,411,0.01263224936581846,0.15894810074875673,0.12548161513885617,0.15871933350365566
4,412,0.012611773372099736,0.1588192266200773,0.12459938699697706,0.15855909458287853
4,413,0.012605125096924305,0.15877736045749283,0.12423075971146702,0.15856017267542497
4,414,0.01260961158951483,0.1588056144442937,0.12461499154462909,0.15861823150050663
4,415,0.012613292006861038,0.15882878836571812,0.1250247166504902,0.1585345828539534
4,416,0.012641559018258605,0.1590066603526947,0.12335035298145944,0.1588001692189771
4,417,0.012620294477373568,0.15887287041766174,0.1252162699213697,0.15859178493662868
4,418,0.012607373508495735,0.15879152060797033,0.12472519005682751,0.15853481678442918
4,419,0.01261188730474341,0.15881994399157437,0.12391035736207888,0.15860031087574963
4,420,0.012609924190441863,0.15880758288219024,0.123719815864365,0.1585908517149129
4,421,0.012647111185648647,0.1590415743486504,0.12545816082624928,0.1587149149719927
4,422,0.012611744813322294,0.15881904680057926,0.124747831240494,0.15856709704653796
4,423,0.012610047635657496,0.1588083602059885,0.1238518208728929,0.15859251549676223
4,424,0.012607246523497153,0.15879072090961205,0.12475171330964119,0.15857106281840155
4,425,0.01260780503844434,0.15879423817282753,0.12390943119686232,0.15859747705015345
4,426,0.012604519481579292,0.1587735461692488,0.12447830004552306,0.15858089528401312
4,427,0.012608295289014929,0.15879732547505282,0.12405263444967754,0.15859326189303496
4,428,0.012605815406715857,0.15878170805679007,0.12419536444692146,0.1585357610731891
4,429,0.012620773892284939,0.1588758879898705,0.1251357851821333,0.15864991412159926
4,430,0.012620792057437324,0.15887600232531862,0.12381670411937812,0.15870289408613517
4,431,0.01263802782054896,0.15898445094127261,0.12565741416858925,0.15866498368181176
4,432,0.012611827056781504,0.1588195646435382,0.12374353356252579,0.15859952293554602
4,433,0.012613192806405165,0.15882816378970807,0.12405305205007877,0.15866461692688236
4,434,0.012617964053888238,0.15885820126067296,0.12366685899284964,0.15870603984481052
4,435,0.012621494486460594,0.15888042350434867,0.1238261605884488,0.15876272620616155
4,436,0.01260468168802974,0.158774567787349,0.12433271792594487,0.158528376477671
4,437,0.012610576526636462,0.15881169054346383,0.12375898851458772,0.15861908622270326
4,438,0.012630971719005821,0.15894006240722205,0.12327293604020094,0.15880464375426953
4,439,0.01260941047825326,0.15880434804030563,0.12377578228034869,0.15862529522606406
4,440,0.012605060861960242,0.1587769558970082,0.12452257225784562,0.158559470495871
4,441,0.012639247217081172,0.15899212066691337,0.12566858173655965,0.1587249643025307
4,442,0.012618417744483983,0.1588610571819537,0.12357802743316251,0.15871799049214272
4,443,0.012608007672407103,0.15879551424651203,0.12459515934226836,0.1586627405885688
4,444,0.012610270945810983,0.15880976636095767,0.12474845917722927,0.15862517576355672
4,445,0.01261259395495401,0.15882439330879883,0.12423101154856347,0.15866230446280716
4,446,0.012621322679198996,0.15887934213861157,0.12379118300118871,0.15867713897896563
4,447,0.012608356072934097,0.1587977082513101,0.1239723201991693,0.15860074478478237
4,448,0.012665431289384526,0.15915672332254474,0.12608206342015074,0.15880963675804377
4,449,0.012611291959604797,0.15881619539332126,0.12428906687132107,0.1586791118356974
4,450,0.012607075469349,0.15878964367583295,0.12443395157321158,0.15857360628271708
4,451,0.012609090774927572,0.15880233483754305,0.1249866234636794,0.15855067790709362
4,452,0.012625849628330367,0.1589078325843655,0.12546826543864587,0.15868271441773843
4,453,0.01261298523010183,0.15882685686055636,0.12427102742345152,0.15865229362930258
4,454,0.012612105951674658,0.15882132068254978,0.12376312419778693,0.158639452736357
4,455,0.012605489392627435,0.15877965482156356,0.12416480773989252,0.15857018785953023
4,456,0.012607826458079478,0.15879437306201677,0.12422070641232115,0.1586132833625187
4,457,0.012608026752530609,0.15879563440177194,0.12469594899379027,0.15848636867812504
4,458,0.012609256022612259,0.1588033754213824,0.12411843467842236,0.1586384944328175
4,459,0.012615192544110138,0.1588407538644295,0.12494954072692138,0.15853198311577738
4,460,0.012608565724943777,0.1587990284916364,0.12431497716341046,0.15857522368649093
4,461,0.01260512483288655,0.1587773587945495,0.12439772639765484,0.15856213071929695
4,462,0.012623179838810004,0.1588910308281119,0.12546786636504287,0.15863899821986957
4,463,0.012610211326982413,0.1588093909501728,0.1246936536589552,0.15864982818921947
4,464,0.012614995779993204,0.1588395151087613,0.12403736450855277,0.15864946709449826
4,465,0.012622728214520823,0.15888818845037425,0.12380956726944174,0.15871618727115439
4,466,0.012607565838719935,0.15879273181553327,0.12435519321229864,0.1585630827912614
4,467,0.012613531198521615,0.15883029433027954,0.12418430662785779,0.15854823905973697
4,468,0.012610408742828002,0.15881063404462561,0.1240648542593285,0.1585418011066166
4,469,0.012606648571615062,0.15878695520485972,0.1240712764378745,0.1585788355414271
4,470,0.01261226165963471,0.15882230107661022,0.12487826473915827,0.1585085107065519
4,471,0.012609653277280732,0.15880587695221315,0.12375249122439863,0.15858862294909365
4,472,0.012611667138103034,0.15881855771982714,0.12384860945610503,0.15862505882859362
4,473,0.012608938730446549,0.15880137738978556,0.12398396684387947,0.15861911216830846
4,474,0.012608221604372492,0.15879686145747648,0.12472712592209473,0.15855332052139906
4,475,0.012604414643843567,0.15877288587062696,0.1244965664472872,0.15860302800810794
4,476,0.012672623758288941,0.1592019080180193,0.12625438989481877,0.15887717632954595
4,477,0.01261260490560599,0.15882446225695834,0.12371189694746187,0.15864326938907386
4,478,0.012623422476867879,0.15889255789285966,0.12386362626770311,0.15873568983186404
4,479,0.012613603318595562,0.15883074839964434,0.12407178052043537,0.1586134592395098
4,480,0.012609916408420142,0.15880753387934807,0.1250574182159944,0.15859737449994707
4,481,0.012613412832549483,0.15882954909304178,0.12395042825590749,0.15862911298213977
4,482,0.01261860751389568,0.1588622517396482,0.12385872441131619,0.15866888477602917
4,483,0.012619001226756243,0.15886473004890825,0.12372592188629233,0.1586724820605882
4,484,0.012605791580474307,0.15878155800012989,0.12425962396341622,0.15853503635074215
4,485,0.012621673966748492,0.1588815531567368,0.12365881603539862,0.15868334546066387
4,486,0.01260934946045236,0.1588039638072826,0.12387682346627356,0.1586584278439539
4,487,0.012605820706387296,0.15878174143387708,0.12406755557510617,0.1585650600454011
4,488,0.012607126400371142,0.15878996442074758,0.1246248759590193,0.1585723389874232
4,489,0.012618818506251678,0.1588635798806742,0.12393517681866048,0.1586634610122112
4,490,0.012610261112318721,0.15880970444099896,0.12471433687714063,0.15861680251561666
4,491,0.012609965953247974,0.15880784585937796,0.12435611929938199,0.15861016800540922
4,492,0.012630603237856662,0.1589377440248644,0.12548383864478174,0.15858683145733266
4,493,0.012610579506400377,0.15881170930633784,0.12449414580553009,0.15854924224123407
4,494,0.012605303904791013,0.15877848660817379,0.1243518464243848,0.15855788114163483
4,495,0.012621175354204634,0.1588784148599465,0.12356238166559327,0.15864090623426816
4,496,0.012609963216283979,0.1588078286249389,0.12457450848093482,0.15851441635039898
4,497,0.012616003811063186,0.1588458612055296,0.12510463715644055,0.15861335059686488
4,498,0.012607715043429068,0.15879367143201312,0.12484118577310431,0.1585884972974946
4,499,0.01266185588818474,0.159134257079893,0.1261091846760806,0.15883521138374287
4,500,0.012621686768543413,0.15888163373117367,0.12343078438298676,0.15867325438934182
4,501,0.012617149702185651,0.1588530748974388,0.12367409758319643,0.15865910161984953
4,502,0.012632775439262816,0.1589514104326402,0.12329462848176168,0.15874877376201507
4,503,0.012607417302243304,0.15879179640172414,0.12422337043653797,0.15852389510329382
4,504,0.012605711799238077,0.15878105554025063,0.12444033176130821,0.15851784677625536
4,505,0.012606999091021524,0.15878916267189977,0.12428244830056918,0.15857449679353058
4,506,0.012607282275847993,0.1587909460633571,0.12441031730269851,0.1585335517112497
4,507,0.012605265695899842,0.1587782459652445,0.12450555326101326,0.15851388721624426
4,508,0.01262604106641999,0.15890903729127548,0.12376706778133273,0.15878789716247027
4,509,0.012606712920427867,0.15878736045685668,0.12454433524293775,0.15859654336198103
4,510,0.012605747681921412,0.15878128152853163,0.12420335593037742,0.15857287491204577
4,511,0.012605293007733418,0.15877841797759176,0.12415388013187967,0.15855234586440067
4,512,0.012604846016877114,0.1587756027661499,0.1243132554079867,0.15850739163215732
4,513,0.01267643078234349,0.15922581940340888,0.12310798286040475,0.15907862163107964
4,514,0.012605089278932724,0.1587771348710684,0.12443846905106075,0.15854637255951984
4,515,0.01260481655925757,0.1587754172361551,0.12464179516101638,0.15853690876528906
4,516,0.012632239486399716,0.15894803859374745,0.12545839254999414,0.15862209608763325
4,517,0.012611485813371261,0.15881741600574706,0.12388682596087468,0.15856677066379268
4,518,0.01260703835539573,0.158789409945347,0.12417732085643479,0.15857154121154302
4,519,0.012635686994683199,0.15896972664430922,0.12342588678281904,0.1587253284580208
4,520,0.012611906504066702,0.15882006487888553,0.12402090466629401,0.1586277328442178
4,521,0.012607742279059279,0.15879384294776216,0.12481015450846521,0.15853120682523447
4,522,0.012606867714778458,0.15878833530696426,0.1246804628394312,0.15854886969436846
4,523,0.01260673905875661,0.15878752506892102,0.124183598208166,0.15857175950297667
4,524,0.01260736191688765,0.15879144760904254,0.12468081509602215,0.1585396374968493
4,525,0.012607529335499938,0.15879250193570185,0.12409450894668742,0.1586078194775677
4,526,0.012616173287317662,0.15884692812464246,0.12522163423694532,0.15867864412045588
4,527,0.012618960239552647,0.15886447204804885,0.12409429257216914,0.158716774556278
4,528,0.012607425806871424,0.15879184996007462,0.12405655573028222,0.15863342773098682
4,529,0.012632021642439858,0.15894666805214797,0.1252030050447337,0.15864756194620447
4,530,0.012610674570735479,0.1588123079029801,0.12468945660034746,0.1584750252260834
4,531,0.012608909316164069,0.15880119216280505,0.1246966763527126,0.15857370592768305
4,532,0.012608442670624399,0.15879825358374947,0.12404619027154477,0.15861395789974336
4,533,0.012610586188438676,0.15881175138155662,0.12495906929855018,0.15856156554701983
4,534,0.012622932328878301,0.15888947308666046,0.12533685254643315,0.1585859815085563
4,535,0.012654323694615268,0.1590869177186815,0.12586328396761187,0.15864297507874844
4,536,0.01261533986774519,0.15884168135439256,0.12511089298796227,0.15855049662048243
4,537,0.012618335929206867,0.15886054216958262,0.12372860834868775,0.15872726627450726
4,538,0.012605435340353615,0.15877931439802614,0.12455306078416192,0.15855228607073493
4,539,0.01263847005459788,0.15898723253518116,0.12368875813952206,0.1588655166534165
4,540,0.012607598832488628,0.1587929395942315,0.12416185466703233,0.1586034821335937
4,541,0.01260512227298257,0.15877734267194782,0.12428458036953999,0.15862445867355052
4,542,0.01260646507020896,0.15878579955530633,0.12416736298538744,0.15854844032410437
4,543,0.012621353046170049,0.1588795332707775,0.12371742243183692,0.15871149904105403
4,544,0.012630546313797281,0.15893738587127498,0.12536073744015008,0.1586374155921334
4,545,0.012608907211831607,0.1588011789114401,0.1239856205731148,0.15851602880935106
4,546,0.012610515106586258,0.15881130379532973,0.12396710883986581,0.1586079074319122
4,547,0.012618621325318068,0.15886233867923555,0.12398468015299603,0.1586512323328094
4,548,0.012616774478804296,0.1588507128017013,0.12507293232535474,0.1585522285736418
4,549,0.012624744601754593,0.15890087854857562,0.12516043968939083,0.15861627341895423
4,550,0.012612813215418359,0.1588257738241395,0.12482678761946618,0.15851107660579825
4,551,0.012603734884413381,0.15876860448094504,0.12441359474661032,0.15854254346431587
4,552,0.01261062036084172,0.15881196655694255,0.12397789489824584,0.15860996983878778
4,553,0.012610586199621859,0.1588117514519745,0.12436853332452823,0.15853584209863908
4,554,0.012661499334738058,0.15913201648152428,0.12589062048742936,0.15882546569226721
4,555,0.012632608425477846,0.1589503597069088,0.1234278065587688,0.15877282974190274
4,556,0.012624363553562543,0.15889848050602964,0.12359390835595131,0.15876823991946157
4,557,0.012606280027904863,0.15878463419301544,0.12402747094868002,0.15857416774120597
4,558,0.012606565370817453,0.15878643122645872,0.12422214492750475,0.1586561739593001
4,559,0.012605233669230113,0.1587780442582041,0.12414226979119579,0.158562430627505
4,560,0.012615584807518027,0.15884322338405266,0.1249165819774997,0.1586283642256186
4,561,0.01261572462346006,0.15884410359506618,0.12394465437927636,0.15864208713812275
4,562,0.012611865795920676,0.1588198085625384,0.12406436302502755,0.15857619349660546
4,563,0.01260963393413718,0.15880575514846546,0.12448815329594964,0.15851776840826926
4,564,0.012605301567311681,0.15877847188653557,0.12408178170182826,0.15853633854797608
4,565,0.012605549879723892,0.1587800357710244,0.12448863576496509,0.15855736303056592
4,566,0.01261672502060167,0.1588504014511872,0.1251458415498777,0.15859845839883818
4,567,0.012607266167753529,0.15879084462117787,0.12393334474504913,0.15857579944882733
4,568,0.012622067346213487,0.15888402906657098,0.12347123494784275,0.1587039697686103
4,569,0.01261099002412219,0.1588142942188907,0.12500071974838833,0.15851873970648547
4,570,0.012670739626726867,0.15919007272268498,0.1231081379648083,0.1590584017688966
4,571,0.012605069932960787,0.15877701302745803,0.1244001616606495,0.1585245155317585
4,572,0.012605938217295738,0.15878248151037153,0.12440031133141907,0.1585420731882348
4,573,0.01260496647618304,0.15877636144075755,0.12423238752671575,0.15852243055793877
4,574,0.012671030171966975,0.1591918978589487,0.12583828311121673,0.1588676941245087
4,575,0.0126133082428948,0.15882889058917965,0.12466786917419853,0.15853501296054495
4,576,0.012615914642048524,0.15884529984893178,0.1237820347223689,0.15865603370362097
4,577,0.012606606011756387,0.15878668717343017,0.12442858573729895,0.15855408833266044
4,578,0.012610055225327207,0.15880840799735516,0.12482378824956067,0.15855782908041313
4,579,0.01261491225326331,0.15883898925177856,0.12386368516292395,0.15872875349149168
4,580,0.012607741776207186,0.15879383978106446,0.12475044974888178,0.1586087913486954
4,581,0.012607088122972628,0.15878972336377833,0.12415433170506553,0.1586255975134398
4,582,0.012611335732812212,0.15881647101489324,0.12388220060926537,0.1586584974103407
4,583,0.012639352801903373,0.15899278475392128,0.12386742759136828,0.15880006067887348
4,584,0.012605917824512742,0.15878235307812227,0.12410365522445858,0.1585871157861478
4,585,0.012609486602035539,0.15880482739536314,0.12415183634540593,0.15862554736173373
4,586,0.012614078990938547,0.1588337432092976,0.12464469574847463,0.15860399216771706
4,587,0.012606926197652373,0.15878870361365366,0.12401041107473745,0.15861374116220037
4,588,0.012605069724307623,0.15877701171333097,0.12422371701429256,0.1586064703329004
4,589,0.012623316335262896,0.15889188988279354,0.12541398803063258,0.15864532241032886
4,590,0.012604062078714996,0.15877066529252182,0.12437536759956845,0.15856745685437462
4,591,0.012607390369124189,0.1587916267888467,0.12417511435539746,0.15862784118001477
4,592,0.012607123637458818,0.1587899470209548,0.12473586500445966,0.1585167906913544
4,593,0.012608074958233599,0.1587959379721887,0.12471046471900879,0.15850195106414966
4,594,0.01260505483324136,0.15877691792726903,0.12419757029977035,0.15850447847880178
4,595,0.012604722272511939,0.15877482339786708,0.12433759036084534,0.15851024513295967
4,596,0.012639275946322397,0.15899230136281692,0.12542792811650044,0.15865140722380394
4,597,0.012625332625860393,0.15890457907725877,0.12523444201056913,0.15857052626978196
4,598,0.012607556803963218,0.15879267491898497,0.12467016172530836,0.15856391398145658
4,599,0.012676081690756789,0.1592236269575391,0.1263172397882759,0.1588835810600614
4,600,0.012619373152432943,0.15886707117859852,0.12529912177816405,0.1585356604834086
4,601,0.012625355893976306,0.15890472550541918,0.12360915033220238,0.15869764736541164
4,602,0.012609754806468532,0.15880651627983364,0.12388034515320755,0.15860505121846719
4,603,0.0126287818922899,0.1589262841212233,0.12548160924178514,0.1586134161454543
4,604,0.012615843071018335,0.1588448492776416,0.12402914887278418,0.15871704702164655
4,605,0.012603315642064503,0.15876596387176,0.12438022182947632,0.15855459842604855
4,606,0.01261011815798939,0.15880880427727798,0.12421220409139327,0.15858851449330805
4,607,0.012612806608599912,0.1588257322262354,0.12413365325015632,0.1586842412485484
4,608,0.012643087895585875,0.15901627523990036,0.12349305433905275,0.15884758170788355
4,609,0.012605833498425896,0.15878182199751895,0.12432930137682163,0.15850077272340868
4,610,0.012610478243532423,0.1588110716765832,0.12400647285070418,0.15847314860527015
4,611,0.012627590700789655,0.1589187886990689,0.12379897207165665,0.1586254292245237
4,612,0.01261739713328389,0.15885463249955217,0.12533052422711408,0.15857691898085965
4,613,0.012612702029202883,0.15882507377113278,0.12407195023269613,0.15854926194148988
4,614,0.012607155237261936,0.15879014602463173,0.12387734307694265,0.158554144430288
4,615,0.012606199023890633,0.15878412404198747,0.12420020105353363,0.158563330715049
4,616,0.01260584674787485,0.15878190544186607,0.12431371174536968,0.1586437777226279
4,617,0.012615067777624582,0.15883996838091213,0.12421227866898038,0.15868621681473638
4,618,0.012609102372856796,0.15880240787127126,0.1246973747182593,0.15861117242306985
4,619,0.012604557726732375,0.15877378704768855,0.12435070243050106,0.15855688118445455
4,620,0.01260812405603037,0.15879624715987697,0.12452047728906426,0.15865525735453315
4,621,0.012603840776698598,0.15876927143939784,0.1244322568695254,0.15860172120393023
4,622,0.012632760147963686,0.15895131423151987,0.12537746843899383,0.15865725855892132
4,623,0.01260665547416254,0.15878699867534835,0.124607698070733,0.1585299312607039
4,624,0.012604927575365209,0.15877611643673117,0.12461453811581125,0.15851385822250116
4,625,0.012640387837068466,0.15899929457119277,0.12367044359663981,0.15887708368057513
4,626,0.012629618466686846,0.15893154794871184,0.1255688831848637,0.15873750824040006
4,627,0.012608790596625525,0.15880044456251075,0.12487130736714462,0.15861387515822506
4,628,0.012616178251750515,0.1588469593775752,0.12384926472228924,0.1586311921550783
4,629,0.012631688568786324,0.15894457253260535,0.12350845804438902,0.15876832765829615
4,630,0.012610129647716265,0.15880887662669405,0.1242201555177949,0.15870703346107168
4,631,0.012608266430034636,0.1587971437402741,0.12457619508182373,0.1586998319981543
4,632,0.012606740983676437,0.15878753719153427,0.12480243512264569,0.15857807921537773
4,633,0.01260886282308098,0.15880089938713182,0.12440533676982897,0.15863028366400184
4,634,0.01263624388857164,0.15897322974999054,0.12552233946318986,0.15861614864395737
4,635,0.012611122182163967,0.15881512637128722,0.12415266817519277,0.15867416064431283
4,636,0.012616554446064335,0.15884932764141205,0.12400999398592094,0.15865976026139286
4,637,0.012613246009766724,0.1588284987637088,0.12507634416742655,0.15862220387368123
4,638,0.012619610889864212,0.15886856762660267,0.12521283334429137,0.15859624571067846
4,639,0.012614277327079112,0.1588349919071935,0.12514082268201407,0.15860119407805198
4,640,0.012618782514060891,0.15886335332014676,0.12369196526671203,0.15866681514314004
4,641,0.01261015142670156,0.15880901376623155,0.12401712327558205,0.1586045898082282
4,642,0.012628655295629981,0.15892548754450925,0.12375245526004612,0.15874525123790925
4,643,0.012614795160364836,0.1588382520702418,0.12499553120131274,0.15856193522701217
4,644,0.012606493118466294,0.15878597619730966,0.12447103334161516,0.15854433281118036
4,645,0.012611015794403787,0.1588144564855718,0.12490141693430584,0.1585596046875292
4,646,0.012608468325794459,0.15879841514193055,0.12453834475246926,0.15855390898426938
4,647,0.012620482740407881,0.158874055404952,0.125391976442589,0.15859591804991754
4,648,0.0126081773544597,0.1587965827998808,0.1244867270101557,0.15861715209174343
4,649,0.012633123704246334,0.15895360143291082,0.12539567615645558,0.1586794850365837
4,650,0.012608476376561472,0.1587984658399537,0.12424075936047596,0.15856960137039622
4,651,0.012645915189066582,0.15903405414606384,0.12336474306866592,0.15889709144734826
4,652,0.012612414845186415,0.15882326558276286,0.12453550388174098,0.15857589664652616
4,653,0.012622028978229928,0.15888378758218177,0.1238837737465446,0.1587113892316677
4,654,0.012606129713525023,0.1587836875344884,0.12406298717530435,0.15861338680124695
4,655,0.012608506286382474,0.15879865419066042,0.12477033436535369,0.15858953398661402
4,656,0.012604845946095653,0.15877560232035431,0.12425908973725491,0.15854317270582804
4,657,0.012605770952757878,0.15878142808753093,0.12467604862785485,0.1585459387655176
4,658,0.012611952285840234,0.15882035314052312,0.1247087249152651,0.15864052829835373
4,659,0.01261550788521714,0.15884273911776478,0.1239481124862417,0.15864388500018398
4,660,0.012607744778855408,0.158793858690161,0.12461059994586482,0.15855363974168232
4,661,0.012644233510559287,0.1590234794648846,0.12521532277023942,0.15872795032587964
4,662,0.012611248102445677,0.15881591924266078,0.12483768884039577,0.15853477152528309
4,663,0.012621700581588728,0.15888172067036993,0.12537590574872945,0.15862065060880776
4,664,0.012605240553684336,0.15877808761717932,0.12443473196868493,0.15854719415932578
4,665,0.012618456687250784,0.15886130231904044,0.12481297028188734,0.15849059368051313
4,666,0.01261165644438052,0.1588184903868597,0.12371268407479581,0.15858209153314745
4,667,0.012653372422955786,0.1590809380344219,0.12306696817652849,0.15893550059316594
4,668,0.012612541284966326,0.15882406168440805,0.12423857288794243,0.15872798397467283
4,669,0.012654169158612989,0.15908594632218767,0.12579813426282585,0.1587999548062393
4,670,0.01260500650136775,0.15877661352584485,0.12464819713092495,0.15855115785683868
4,671,0.012642423820311362,0.15901209903847796,0.1255764683748854,0.15871650828171008
4,672,0.012660529673955772,0.15912592292870306,0.12618379944781954,0.1587547564007332
4,673,0.012620031557600641,0.1588712155023725,0.12533109174547497,0.15861537008435247
4,674,0.012636571024957953,0.15897528754468698,0.12367187838213217,0.15879291112568916
4,675,0.01266663713350393,0.15916429959952658,0.12602003291581082,0.15884828086353786
4,676,0.012613892798209292,0.15883257095576644,0.12394729753343336,0.15869262017236085
4,677,0.012636316162587737,0.15897368437944526,0.12346134988603921,0.15882626432681762
4,678,0.012614986006814044,0.15883945358011053,0.12371506149408229,0.1586503864384963
4,679,0.012607270922565599,0.15879087456504293,0.1243324141830641,0.15860722051993886
4,680,0.012617799865538236,0.15885716770443967,0.1252530821937433,0.15855326324356783
4,681,0.01262968681664734,0.1589319780072427,0.12536011536361144,0.15863625254874428
4,682,0.012606561106957886,0.15878640437366096,0.12408414129547098,0.15852015777278436
4,683,0.012604359822959195,0.1587725405916224,0.1243374829270422,0.1585104222545166
4,684,0.012610272820791751,0.15880977816741482,0.12482269366142996,0.158580650849235
4,685,0.012613069040762714,0.15882738454537815,0.12375463462042807,0.15859225206091188
4,686,0.012604627895766858,0.15877422899051885,0.12431550847289592,0.15856785342600294
4,687,0.012650787740572832,0.15906468961132028,0.12336073660473562,0.15890298899472252
4,688,0.012619364828299427,0.15886701878174353,0.12476389403670289,0.15861371347762082
4,689,0.012609788515585259,0.15880672854501637,0.12472365273331254,0.15857010522621984
4,690,0.012617507828445158,0.15885532933109395,0.1240511256421401,0.15865754015690448
4,691,0.012611233432457309,0.15881582687161447,0.1249150051486663,0.158574803726302
4,692,0.012645650994312696,0.1590323928909623,0.12341484298797566,0.15884189892910647
4,693,0.012629174909310805,0.15892875705366102,0.12536714067335655,0.15867484864300485
4,694,0.012604252970655075,0.1587718676003723,0.12422349288255868,0.1585605520630328
4,695,0.012638974685851768,0.1589904065398398,0.12582243382717773,0.15868733828172887
4,696,0.012607189507712393,0.1587903618467594,0.12493625608957551,0.1585690569579233
4,697,0.01260627528868515,0.15878460434617173,0.1246929113710403,0.15861400598148592
4,698,0.012618320759146318,0.15886044667661184,0.12524089129021557,0.15861480896726765
4,699,0.012604910266123539,0.15877600742003523,0.12433484779339248,0.15852034812973959
4,700,0.012608483565197216,0.15879851110887164,0.12449986276303804,0.15859037118670322
4,701,0.012647389870266614,0.15904332661426956,0.12340641067368509,0.15891069220376952
4,702,0.012630549453880377,0.15893740562800424,0.12549000526991402,0.15865602131964376
4,703,0.01260458427610911,0.15877395426271343,0.12447779915115634,0.15851062352087342
4,704,0.012608732578369725,0.1588000792088576,0.12454426596246183,0.1585714316239974
4,705,0.012609694587938368,0.15880613708505328,0.12456862439065527,0.15855751476506996
4,706,0.012656480863300327,0.1591004768270688,0.12303974471388078,0.15892605524855732
4,707,0.012619241320970052,0.15886624135397712,0.12523220966761925,0.15860161528372563
4,708,0.012629677445435422,0.1589319190435667,0.125322106574049,0.15863198726528707
4,709,0.012605821016976836,0.1587817433899555,0.12475283072341772,0.1585690813165053
4,710,0.012605902222254788,0.15878225481617766,0.12399885626280346,0.15854715025327867
4,711,0.012615435402442263,0.15884228279927395,0.12501590841878618,0.15851852541854897
4,712,0.012609210161711518,0.15880308663065412,0.12474889632782976,0.15856492957136284
4,713,0.012605984905806812,0.15878277555079337,0.12459085115994782,0.15853315455939807
4,714,0.01260652723668255,0.15878619106636793,0.12405639076892709,0.15861049048573675
4,715,0.012627472914954942,0.15891804752736513,0.12530021046201897,0.15864547204962398
4,716,0.012618165336350282,0.15885946831303624,0.12507216861908457,0.15850326563820016
4,717,0.012606666187367615,0.15878706614436588,0.12408033507304692,0.15854558537356703
4,718,0.01260441510413184,0.1587728887696627,0.1240804601686267,0.15858353185451712
4,719,0.012606420235675415,0.15878551719647113,0.12432860540224515,0.15854990235732044
4,720,0.012612186511302727,0.15882182791608165,0.1247420593095678,0.1585093319573549
4,721,0.012619837767629321,0.1588699957048487,0.12515061843251946,0.15860630961918054
4,722,0.01262700749262283,0.15891511880637935,0.1249967274563313,0.1586088574477158
4,723,0.012605447167761732,0.1587793888876118,0.1242559974239255,0.15851947366667654
4,724,0.012605055828084409,0.15877692419293435,0.12408823621935589,0.15853113878814631
4,725,0.012611419761992596,0.1588170001101431,0.1247290201197735,0.15857239177447446
4,726,0.012621514615552136,0.15888055019763833,0.12366843287070933,0.15876317153981517
4,727,0.012627176152593117,0.15891618012394532,0.12531427931486971,0.15873055629328672
4,728,0.012606326916733608,0.1587849294910169,0.12405537649103536,0.1585891997003258
4,729,0.012628314552036968,0.15892334348381276,0.12354425431488503,0.15872712401686812
4,730,0.012620804041663018,0.1588760777566152,0.12521536768114905,0.15863216973686245
4,731,0.01262082627258254,0.15887621768271387,0.12360909901656456,0.15872491430699326
4,732,0.012605048714753923,0.15877687939214527,0.12432085483603743,0.15856351727131435
4,733,0.012608852533189142,0.15880083458967803,0.12423005748298617,0.15854775280964206
4,734,0.012613395425962844,0.15882943950013073,0.1247039971822075,0.15850335230842622
4,735,0.012618470636628108,0.15886139012754552,0.1248642867223549,0.15851331718699724
4,736,0.01260859134757649,0.15879918984413297,0.12401510555252941,0.15849747199391673
4,737,0.012603306432254296,0.15876590586303027,0.12436821381425621,0.1585437533705192
4,738,0.012604572577849794,0.15877388058399147,0.1243957561354965,0.158581412230943
4,739,0.012655421674966237,0.1590938193329096,0.12606685855704386,0.15881344398680783
4,740,0.012612198816214414,0.15882190539226265,0.12506997727496172,0.15857185270832833
4,741,0.01260899261697091,0.15880171672227544,0.12396402177608834,0.15860777198754103
4,742,0.012615824472686261,0.1588447321927061,0.12524615227637115,0.15856608337424996
4,743,0.012605662018156097,0.15878074201965486,0.12456383357704068,0.15855356730191192
4,744,0.0126065217964251,0.15878615680483674,0.12436319403694275,0.15856228680345633
4,745,0.012606183252107186,0.15878402471349054,0.12448901058386654,0.15858201701280847
4,746,0.012609352485000001,0.15880398285307584,0.12457526700936224,0.15853916878800134
4,747,0.012638031448673042,0.15898447376189312,0.12546583797310856,0.15865988387430238
4,748,0.012612312427424595,0.15882262072780814,0.12494999417992403,0.1584806945599318
4,749,0.01260630952197038,0.15878481994177138,0.1242182967834118,0.1585957075782606
4,750,0.012608956296948389,0.15880148800907623,0.1245847963559479,0.15859973911305586
4,751,0.012611416046429243,0.1588169767148918,0.12384305109960003,0.15866750124456325
4,752,0.012609462531954605,0.15880467582508145,0.1247966691537421,0.15852171297728987
4,753,0.012611088294041284,0.15881491299019299,0.12450154817415846,0.15859290632364853
4,754,0.01260533597296972,0.15877868857607888,0.12422890463429442,0.15853537287416325
4,755,0.012609106491018046,0.15880243380388126,0.1241745934617082,0.15861649543946266
4,756,0.012604350447818333,0.15877248154399007,0.1243260165761104,0.15856368129299195
4,757,0.012630515903839895,0.15893719453821936,0.12542888048704104,0.15861905346745397
4,758,0.01263987091994218,0.15899604347242216,0.12551477415786452,0.15863585098300786
4,759,0.012606293356249514,0.1587847181327568,0.12426215304204892,0.1584965416274112
4,760,0.012606985086972266,0.1587890744791484,0.12450945628516957,0.15861569649914858
4,761,0.012611194165069796,0.1588155796203244,0.1248672981347382,0.1585937297298029
4,762,0.012613335417849056,0.1588290616848759,0.12434877676768873,0.1585604588124771
4,763,0.012609809757828362,0.15880686230656635,0.12479584036403096,0.158522373645861
4,764,0.01260500772946416,0.15877662126058836,0.12449065705050084,0.15852856886084207
4,765,0.012606625999277143,0.15878681304993272,0.12424864188628831,0.1585223204903475
4,766,0.012607465434327524,0.15879209951586082,0.12400522916172507,0.15860545612902738
4,767,0.012609290979204667,0.158803595546226,0.12489353287121598,0.15854126451988085
4,768,0.01261595249517639,0.15884553815059704,0.12396882699043113,0.15866072436343173
4,769,0.012611797476304816,0.1588193783913337,0.12418306575878948,0.15855570444683448
4,770,0.01261473553301687,0.15883787667314664,0.12391168387277254,0.15864845208238448
4,771,0.012622982150752783,0.15888978664944317,0.12538355110953808,0.15867531300985138
4,772,0.012605997907391609,0.15878285743361345,0.12432088328829276,0.15854480868929458
4,773,0.012625187627911061,0.15890366659023988,0.12334776356986803,0.15876493722925297
4,774,0.012606148718014729,0.1587838072223659,0.12397022296997058,0.15859121894992084
4,775,0.01260981292704284,0.1588068822629727,0.12419486971474814,0.1585851477393599
4,776,0.012656321762592843,0.15909947682247633,0.1235699586675171,0.15897892001710143
4,777,0.01261612200358799,0.15884660527432112,0.12515825069897207,0.15858114646685975
4,778,0.012614166725457975,0.15883429557534465,0.12499013111985122,0.15851584345273365
4,779,0.012609270241911658,0.15880346496164155,0.12412269852901517,0.15856221446613813
4,780,0.012609666492936988,0.15880596017112827,0.12415599049731153,0.15861011832725308
4,781,0.01260846673990702,0.15879840515513385,0.12446064566798758,0.1585428590271895
4,782,0.0126115124049874,0.15881758344079788,0.12411793351239919,0.15864526751912297
4,783,0.012606784258195648,0.15878780972225576,0.12448463494557921,0.15863631837397593
4,784,0.012609225233102893,0.15880318153678719,0.12471727630950596,0.15857667064267972
4,785,0.012605267573951699,0.15877825779338745,0.12430054922728746,0.15853756421454315
4,786,0.012609530152007971,0.1588051016309487,0.12486714893630378,0.1585630532220604
4,787,0.01260436090589843,0.15877254741231828,0.12420204215827459,0.1585643139557125
4,788,0.012612919495130964,0.15882644298183451,0.12407982355322268,0.1587159905771352
4,789,0.012607701669996446,0.15879358721306377,0.12429786032053933,0.15862700644000666
4,790,0.012617733318705512,0.15885674879403464,0.12393905523174117,0.15867311647936147
4,791,0.012605651829569135,0.15878067785199265,0.12457231037634085,0.15848766199500078
4,792,0.012611691281832744,0.1588187097405891,0.12417487013165025,0.15867333518693497
4,793,0.012606056571211213,0.15878322689258595,0.12466096554643603,0.15858640049931041
4,794,0.012657956085487783,0.15910974882443743,0.12598658204391805,0.1587363157707223
4,795,0.01260560414906652,0.15878037756011618,0.12412598331232938,0.15853572708969135
4,796,0.012608657836101822,0.15879960853920153,0.12400569155080253,0.15856423370514358
4,797,0.012611711045467513,0.15881883418201703,0.12503586784060028,0.15856740139537295
4,798,0.012605954587679078,0.15878258460976807,0.12425011366856327,0.15861391794796528
4,799,0.012606496685278409,0.15878599866032528,0.12456297072444253,0.15855995664334924
4,800,0.01261603622242391,0.15884606524823905,0.12396245005057338,0.1586130248353684
4,801,0.012608100175706152,0.1587960967763764,0.1245598903103982,0.1586128144971675
4,802,0.012624107090642257,0.1588968664929693,0.12356161790240155,0.15875324263513543
4,803,0.012622138627183865,0.15888447770115158,0.12376492001553634,0.15865575452991112
4,804,0.01260978038975909,0.1588066773769862,0.12459009065406884,0.15854495346020434
4,805,0.012606064735837332,0.15878327831253095,0.12451008111688061,0.15854311066065302
4,806,0.01263440233737077,0.15896164529452234,0.12542587982585887,0.15861079818969118
4,807,0.012606879373471814,0.15878840872980504,0.12442157913361801,0.15847679166106426
4,808,0.01261644817924265,0.15884865866127199,0.1250719518325617,0.15857169188412498
4,809,0.012610030445303696,0.1588082519600521,0.12407377656891468,0.15861529435770552
4,810,0.01262551189557323,0.1589057072327689,0.12403046254562128,0.1587011942637372
4,811,0.012610219010961824,0.15880943933508376,0.12381293566875104,0.1586144523450247
4,812,0.012612764972328501,0.15882547007535347,0.12486070676105972,0.158560796348626
4,813,0.012615044447216159,0.15883982150088283,0.12493943567121098,0.15860901003481456
4,814,0.012607337725077382,0.15879129525938998,0.12402873780258593,0.1585920774655262
4,815,0.012605739751246736,0.15878123158135998,0.12413207911347603,0.1586023382602322
4,816,0.012625310830204992,0.15890444191529066,0.12520318628937702,0.15863043091146278
4,817,0.012612577275002363,0.15882428828741757,0.12395655739658212,0.15864027277473897
4,818,0.012609582331631139,0.15880543020710053,0.12455295905223206,0.158593176655114
4,819,0.0126038085249653,0.15876906830340284,0.12443047795636318,0.15858515653158659
4,820,0.012610089350446933,0.15880862287953343,0.12491155995215228,0.15850821644678212
4,821,0.012606498112233726,0.15878600764698209,0.12420513049334413,0.1586267893060989
4,822,0.01260482357151442,0.15877546140077453,0.12448114970775714,0.15858328444448436
4,823,0.012607957964636565,0.15879520121613602,0.12430681343396235,0.1586124381475254
4,824,0.012650066683227986,0.15906015643917862,0.1256135902574502,0.15874926858742933
4,825,0.012623118703200197,0.15889064606326073,0.12516416409740627,0.15861813947135733
4,826,0.012606579520893476,0.1587865203403203,0.12438911721930504,0.15858674117806612
4,827,0.012604545441251646,0.15877370967040888,0.12437286002916892,0.15856238851004856
4,828,0.012606307630046902,0.15878480802675615,0.12473355715667296,0.1585866593787538
4,829,0.012607648656458543,0.15879325336083105,0.12427809091068104,0.15851856282540344
4,830,0.012612522382014586,0.1588239426661773,0.12462429744642672,0.1585253306624284
4,831,0.012610565339283997,0.15881162009931135,0.1247961997769211,0.15854569453131476
4,832,0.012614284167489694,0.15883503497333135,0.12374845385453147,0.15862548861267808
4,833,0.012619753005098095,0.15886946217003503,0.12506628434539532,0.15855650122526507
4,834,0.012610027720561617,0.15880823480261733,0.12372684847798647,0.1586164626939075
4,835,0.012612082641780015,0.1588211739144376,0.12392420133346775,0.15863785696100455
4,836,0.012623847632492859,0.1588952336131758,0.12373427796086671,0.15880462820031094
4,837,0.012608568705984806,0.1587990472640488,0.12454578249931884,0.1585880306695781
4,838,0.012607828864588035,0.15879438821688904,0.1243288065673536,0.15859543223057537
4,839,0.012606487925659066,0.15878594349412084,0.12450257858044306,0.15852316434152758
4,840,0.012647213720354086,0.15904221905113175,0.1254468639431649,0.15873077977327094
4,841,0.01262777446784704,0.15891994505314327,0.12328419049187818,0.15875032496955838
4,842,0.012719763489968233,0.1594977334633206,0.1264341627939949,0.15914664417516866
4,843,0.012623285820312713,0.15889169783417076,0.12368019521633793,0.15871169560303883
4,844,0.012615972339921126,0.15884566308162856,0.1236119571779602,0.1586537703516028
4,845,0.012606500268106818,0.15878602122420485,0.1242992058922791,0.15856698777694284
4,846,0.01260633288059871,0.15878496705040254,0.12464731431686218,0.1585469201437167
4,847,0.01260531093492113,0.15877853088450675,0.12436911300189661,0.15857437738065533
4,848,0.012608178225769073,0.15879658828683363,0.12404073904165207,0.15866611870565603
4,849,0.012603794250658374,0.15876897839728246,0.12438991228494672,0.15859403280181508
4,850,0.01260620410162265,0.15878415602082377,0.12463214206101939,0.15849608677650123
4,851,0.012619217538354745,0.15886609165177284,0.12391764160623751,0.15863206607574729
4,852,0.012613130823463495,0.15882777353764987,0.12387399365048826,0.15860641073219994
4,853,0.012607684139898965,0.15879347681752526,0.12382521322348955,0.158529096805447
4,854,0.012604911990844948,0.1587760182826421,0.12449640644558717,0.15851692915033153
4,855,0.012627662642931619,0.15891924139594688,0.1234312028586932,0.1587582657658583
4,856,0.012604272880264394,0.15877199299791128,0.12441750716002846,0.15857074904272236
4,857,0.012628048312442396,0.15892166820444842,0.12552967070303475,0.15866336701342867
4,858,0.012611297658700065,0.1588162312781667,0.12484526077411057,0.15851913421054417
4,859,0.012609504104100503,0.15880493760648945,0.12466393291230385,0.15860670719230924
4,860,0.012613105882363354,0.15882761650521204,0.12438904946923389,0.15862630144051262
4,861,0.012630810280156671,0.15893904668241013,0.12383465712087827,0.15878108832859186
4,862,0.01261190457988694,0.15882005276341488,0.12391835833590946,0.15864352376533708
4,863,0.012612432299474424,0.15882337548027636,0.12451699609396343,0.15864330696234447
4,864,0.012611073307612073,0.15881481862604682,0.12395692429269799,0.15865221845241897
4,865,0.012606452961220345,0.15878572329539167,0.12454042474845764,0.15850363347750687
4,866,0.012605155534950476,0.15877755215993522,0.12450447192459232,0.15849763992500443
4,867,0.01261991691437698,0.1588704938896898,0.12485195726790105,0.15863180095557325
4,868,0.012610706966187374,0.1588125118886253,0.12382242858948472,0.1586809890752728
4,869,0.012610783225834473,0.15881299207454327,0.1240268098413902,0.15868172231570804
4,870,0.01260944902012854,0.15880459074049805,0.12399736091308869,0.15859638779715846
4,871,0.012622915475874722,0.15888936701916037,0.12350259309118765,0.15875661279293368
4,872,0.012612759764316393,0.15882543728456341,0.12457110904968559,0.1585235946266709
4,873,0.012613914970589413,0.15883271055163298,0.12365685108319904,0.15864750535123165
4,874,0.012604893596509086,0.15877590243175496,0.12409534376233188,0.15858435016615421
4,875,0.01265404012103526,0.15908513520147166,0.12332268452077509,0.15892581894879484
4,876,0.012608337271741108,0.15879758985413542,0.12399229005763805,0.158649858238782
4,877,0.012605169037111149,0.1587776371981341,0.12449037986408634,0.1585456306084306
4,878,0.012678000801958378,0.15923567943120273,0.12626316996000345,0.15891209338296233
4,879,0.012608494752432656,0.15879858155810245,0.1242466230920743,0.15854285224629938
4,880,0.01260462538985851,0.15877421320767746,0.12441918171769158,0.15852905291891373
4,881,0.012605797962706626,0.15878159819517265,0.12436953956132073,0.15858372442421037
4,882,0.012608902915347862,0.15880115185569568,0.12424728110727311,0.1585698869898006
4,883,0.01264710334427437,0.15904152504471508,0.12565230057406745,0.15863476242467334
4,884,0.012673584108137206,0.15920794017973605,0.12608896277397816,0.15875448891340263
4,885,0.01272578736588611,0.1595354967766491,0.12306064561511056,0.15935687302130666
4,886,0.012627829727725515,0.15892029277424274,0.12542717258003483,0.15858406437083447
4,887,0.012651971283367213,0.1590721300754297,0.1259360461884232,0.15878326581734267
4,888,0.012713319960600872,0.1594573294684247,0.12641505234299616,0.15906874725165424
4,889,0.012606342591299308,0.15878502820668772,0.1247237504455957,0.1585497131444924
4,890,0.012630600715674236,0.1589377281558676,0.12345736181422007,0.15879900077290807
4,891,0.012668701574629286,0.15917726957470585,0.12342527926804299,0.15899020854423984
4,892,0.012606822426663424,0.15878805009611663,0.12395676223251412,0.15855405801156905
4,893,0.012610487807863453,0.1588111319011577,0.12415557254709204,0.15859489775832677
4,894,0.012605745788019361,0.1587812696007899,0.12428812841834803,0.1585668194013283
4,895,0.012611055115274166,0.15881470407537313,0.12497162716092176,0.15858660444150088
4,896,0.01261219211029481,0.15882186316936853,0.12402581490845188,0.15861341612686253
4,897,0.012607599360983381,0.15879294292243204,0.1239417234410031,0.15855503885382596
4,898,0.012605955060239716,0.1587825875859171,0.12436522447005509,0.15858143149467663
4,899,0.012613594000444485,0.15883068973245998,0.1239679834356015,0.15868673498475838
4,900,0.012607266340803563,0.15879084571097643,0.1242547950118027,0.1586113791579178
4,901,0.012615026460893948,0.15883970826524424,0.12379725571071802,0.15859117114323815
4,902,0.012619139620787019,0.1588656011903585,0.12381511714173253,0.15869791569689976
4,903,0.012606694155053971,0.15878724227754554,0.12432256023527619,0.15864329111994993
4,904,0.012613875687922153,0.158832463230425,0.12508040600003725,0.15858124181077948
4,905,0.01260555372812714,0.15878006000834702,0.12404705342863044,0.15855115701437358
4,906,0.01260719896673554,0.15879042141600067,0.12464715240070158,0.1585325049445891
4,907,0.012607304316407811,0.1587910848656675,0.12485689612150191,0.1585332622026954
4,908,0.012625875888280994,0.1589079978369937,0.12520304306794514,0.15857380868861828
4,909,0.012617009409949715,0.15885219173778947,0.12375577053654074,0.15867108458936233
4,910,0.012629847801988727,0.15893299092377722,0.1237001366316358,0.15876513928736607
4,911,0.012665932869158361,0.15915987477475824,0.12305458825931646,0.15900100031292738
4,912,0.012609451471354217,0.15880460617598102,0.12387116669360367,0.15861881756707244
4,913,0.012611068682661373,0.158814789504387,0.12385313884569508,0.15860485227285456
4,914,0.012613181377006333,0.15882809182891,0.12364256528324735,0.15861934168334713
4,915,0.012613882916396785,0.15883250874047658,0.12481385149193902,0.1585497408539772
4,916,0.01260539875741226,0.15877908399667923,0.12433582194701148,0.15853900491081027
4,917,0.012604068434613458,0.15877070532446128,0.1241021551072355,0.15854270809336649
4,918,0.012610186267926529,0.1588092331568069,0.12460645679827882,0.1585463151042447
4,919,0.012605425054809737,0.15877924961914724,0.12429154248323492,0.1585367691097343
4,920,0.01261844047080395,0.15886120023973097,0.1236495797074665,0.1586919282112279
4,921,0.012604463521080847,0.1587731937140577,0.1242282980954685,0.15854693372545425
4,922,0.012617192635721076,0.15885334516919106,0.12500073684462565,0.15857189980402553
4,923,0.012623396001552677,0.158892391268762,0.12393189980597025,0.15876511573814303
4,924,0.012608156857687517,0.15879645372417808,0.12432570220234396,0.15862375089064423
4,925,0.012610139677260263,0.15880893978148877,0.12410088433923679,0.1585897943022937
4,926,0.012606128762020757,0.15878368154203226,0.12458310944659447,0.15861288120807301
4,927,0.012608914529297707,0.15880122499085267,0.12415971850654865,0.15866336564739117
4,928,0.012605150085258912,0.1587775178371227,0.12437488797171917,0.15852904906005297
4,929,0.012616607737070771,0.15884966312253088,0.12386833850153701,0.1586267782232627
4,930,0.01260569028599605,0.1587809200502129,0.1242017153597525,0.15857900711109096
4,931,0.012623624986119087,0.15889383239206667,0.12379063394913023,0.1587527392465255
4,932,0.012627137275545444,0.15891593548505728,0.12364461486972089,0.1587811512683212
4,933,0.012611556476079568,0.1588178609355986,0.1239241093581333,0.1586340155716898
4,934,0.01260582718103608,0.1587817822109078,0.12454014476887582,0.15855449348302347
4,935,0.012624483272214921,0.1588992339327973,0.12495877434364293,0.1584886360600996
4,936,0.012630714053432295,0.15893844124963788,0.12549512702238183,0.1586277869280672
4,937,0.012606519991444529,0.158786145437469,0.12396177555814361,0.15854438809384447
4,938,0.012661895040669195,0.15913450311399596,0.12583287722938144,0.15874615168882236
4,939,0.012606574648777027,0.15878648965687872,0.12420840767846815,0.15847986314403975
4,940,0.012632161429103072,0.158947547506107,0.12541904702801485,0.15855857180952437
4,941,0.012607937621761354,0.15879507310846488,0.12469339303941349,0.15852503199681475
4,942,0.012656924405824273,0.15910326461656452,0.12317567770411848,0.15892849281236426
4,943,0.012622105652167781,0.15888427016018786,0.12346137185303316,0.15878117126016794
4,944,0.012609488577951777,0.15880483983778187,0.12468888023151796,0.15853841789913597
4,945,0.012616489307851262,0.1588489175780009,0.1239908081488593,0.15866949675936234
4,946,0.012694169667983465,0.15933718754881715,0.1264898280819005,0.15899473267791492
4,947,0.012613167318330877,0.15882800331384184,0.12383022194683235,0.15864411328327713
4,948,0.012635489922713248,0.15896848695709,0.123359427497004,0.15887628997208236
4,949,0.012610778149196752,0.15881296010840396,0.12404150003532109,0.15856425252310408
4,950,0.012619743008258454,0.15886939924515642,0.12507603170021664,0.15858386484189985
4,951,0.012610815604180887,0.15881319595160148,0.12436247077481573,0.15857224558874805
4,952,0.01260925376772493,0.1588033612221412,0.12418711868864549,0.15858036132934966
4,953,0.012609282244445597,0.15880354054268184,0.12384340151337118,0.15856203424479864
4,954,0.012620995035963591,0.15887727991102812,0.12374903378227999,0.15866356680479
4,955,0.012607251150484243,0.15879075004851034,0.1248413816783762,0.15857129175872683
4,956,0.01260750575100138,0.1587923534116261,0.12419144613610236,0.1585265407889382
4,957,0.012611795270924743,0.15881936450524378,0.12411774090833373,0.15852332705486677
4,958,0.012610755001537258,0.15881281435411476,0.12496800087416225,0.15859416807651552
4,959,0.012621107306274538,0.15887798655744942,0.12515449206033186,0.15859840387599541
4,960,0.012605730451009454,0.1587811730087006,0.12461035205645937,0.15852881473784322
4,961,0.012604825616183719,0.15877547427851518,0.1246679289187521,0.1585163512126669
4,962,0.012633278187775699,0.1589545733080725,0.12353364390781472,0.15874985431077548
4,963,0.012607433968161155,0.15879190135621624,0.12408212546086395,0.15862829413394858
4,964,0.012606191249256694,0.1587840750784328,0.12384452675533858,0.15855720798798723
4,965,0.01272046972228031,0.15950216125357242,0.12646907212299907,0.15908245596777865
4,966,0.012604629306278928,0.15877423787427813,0.12405159874938432,0.15851611720672767
4,967,0.012607687424760981,0.15879349750390273,0.12405048375099126,0.15854054662385614
4,968,0.012622622305694085,0.15888752188698824,0.12519206807179,0.15859949748109217
4,969,0.012606635641689592,0.15878687377544526,0.12464797789326702,0.15851263291699325
4,970,0.012609526230109684,0.15880507693464768,0.12396544752743703,0.15864796591557026
4,971,0.012610903620616724,0.15881375016425198,0.12476917741075579,0.15858874580955598
4,972,0.012608602000516708,0.15879925692846744,0.12385351857496668,0.15859169825642563
4,973,0.012631068775450732,0.1589406730541351,0.12382423650549872,0.15870084379201033
4,974,0.012617525016736901,0.15885543753197057,0.12376103577147803,0.1586651055768212
4,975,0.012617537689772383,0.15885551730910943,0.1252262312905673,0.1585229470391958
4,976,0.012613174263431545,0.1588280470410157,0.1239521106632481,0.15860150288786637
4,977,0.012612893660268822,0.15882628032078835,0.12385797443906664,0.15869649771844835
4,978,0.012622182552401424,0.15888475416100453,0.12490506961507478,0.15854234196837275
4,979,0.012605176775425907,0.15877768593493172,0.12415065136363251,0.15851752266437075
4,980,0.012666082906863977,0.1591608174574633,0.12571189395419283,0.1587995042435213
4,981,0.012609659997940942,0.15880591927217916,0.12380310041864043,0.1586377671278094
4,982,0.012613238138216269,0.15882844920363776,0.12458140394604998,0.15854655595886202
4,983,0.012608304142119732,0.15879738122601222,0.12478439248473198,0.1585687174307352
4,984,0.012625582965893823,0.1589061544805224,0.12540457555200268,0.15865989030400565
4,985,0.01261413457612007,0.15883409316717914,0.12398791397357693,0.15863998485661554
4,986,0.012618578326484981,0.15886206801175026,0.12373472985046029,0.15865128710683865
4,987,0.012610246832479678,0.15880961452304881,0.12374707813890305,0.15858894421242856
4,988,0.01261939829002845,0.15886722940889006,0.12363066507382607,0.1587452944478033
4,989,0.012606416540423264,0.15878549392449717,0.12470050034871635,0.15856316929256553
4,990,0.012611380180598533,0.1588167508835169,0.1248195471642948,0.15861722231280867
4,991,0.012608242069948778,0.15879699033639635,0.12496616091767476,0.15856966439692186
4,992,0.012605428498502753,0.1587792713077041,0.12459109534855528,0.1585353715152986
4,993,0.012605306822748377,0.1587785049857088,0.12412132814973319,0.15855992201208394
4,994,0.012608784413234382,0.1588004056243836,0.12453739897966074,0.15851117092437858
4,995,0.01260371217064464,0.15876846141878834,0.12425717224681215,0.15853128558630372
4,996,0.0126052101865255,0.1587778963617134,0.124165202153796,0.15858057442397122
4,997,0.012632861165625767,0.1589519497560553,0.12370219141139266,0.15880436809736634
4,998,0.0126097192244769,0.15880629222091233,0.12434970540114809,0.1586057089837028
4,999,0.012629705179534085,0.15893209354648347,0.12375805891606899,0.1587695041604967
4,1000,0.01261079709189166,0.15881307938511652,0.12500683857553946,0.15852364660217524
