epoch,loss,epoch_time
1,0.016695234198063284,0.002262699883431196
2,0.013152045115270869,0.0019527999684214592
3,0.013072805630387454,0.0019193999469280243
4,0.013089427832347386,0.0019952000584453344
5,0.013086368121010487,0.0019227999728173018
6,0.013088114549272804,0.0019332999363541603
7,0.01309473480913071,0.0019081998616456985
8,0.01307149032927637,0.0019284000154584646
9,0.013069960126529723,0.0019199999514967203
10,0.013062887862237384,0.0020630001090466976
11,0.013072604392475736,0.001946799922734499
12,0.013063867829697571,0.0019655998330563307
13,0.013102338577988577,0.0019508998375386
14,0.013186743642886233,0.0019506001845002174
15,0.01307157233114561,0.001913700019940734
16,0.013143865560378597,0.001876200083643198
17,0.013069741502198758,0.0019630000460892916
18,0.013070593749818688,0.002000899985432625
19,0.013103950175197445,0.0018051001243293285
20,0.013065447624813192,0.00182489980943501
21,0.013069790394870696,0.0018029001075774431
22,0.01309984799704511,0.0018782000988721848
23,0.01308162201009637,0.0018921999726444483
24,0.01311063944711818,0.001824100036174059
25,0.013068293301020571,0.001800999976694584
26,0.013081136954897465,0.0019191999454051256
27,0.013064471155841697,0.0018869999330490828
28,0.01308049999493006,0.001865800004452467
29,0.013129500211860526,0.0018511000089347363
30,0.01306439986740545,0.00180460000410676
31,0.013063912370538807,0.0018250001594424248
32,0.013159184388239249,0.0017876001074910164
33,0.013132733054415051,0.0017870001029223204
34,0.013114103165691912,0.0017903000116348267
35,0.01306594476311771,0.0018552998080849648
36,0.01308182552216209,0.0018949001096189022
37,0.013070062531265822,0.0018949999939650297
38,0.013075658155114392,0.0018986000213772058
39,0.013084822680537306,0.001816099975258112
40,0.013096017080100107,0.001841600053012371
41,0.01307778241845605,0.0018090000376105309
42,0.013072598322430354,0.0017997000832110643
43,0.013073852168894043,0.0017882001120597124
44,0.01308820369130533,0.0018766000866889954
45,0.013068254494463402,0.0018247999250888824
46,0.013067313816704862,0.0018016998656094074
47,0.013069804264155167,0.0018005999736487865
48,0.013069865998895341,0.0018795998767018318
49,0.013066763217627866,0.0018099001608788967
50,0.013067976366482176,0.0018003000877797604
51,0.013150631849383181,0.0018087998032569885
52,0.0130755515208754,0.002117800060659647
53,0.01309015180284065,0.0019916000310331583
54,0.013065104466784952,0.00187440006993711
55,0.013062266462344131,0.0019058000762015581
56,0.013066841762797859,0.0018696000333875418
57,0.013140888735934438,0.001855399925261736
58,0.013076180874276236,0.0018436000682413578
59,0.01307061114187024,0.0018557999283075333
60,0.013079704142989727,0.0018695998005568981
61,0.013069228782151006,0.0018609000835567713
62,0.01306984926078937,0.001872899942100048
63,0.01308990277172165,0.0018372999038547277
64,0.013065873984948276,0.0018422999419271946
65,0.013099584339538776,0.0018463998567312956
66,0.013064683654692278,0.0018846001476049423
67,0.01308471664933814,0.0018921999726444483
68,0.013094100396134803,0.0019059998448938131
69,0.013076897804333309,0.001965699950233102
70,0.013071972395598205,0.0018734000623226166
71,0.013116464755461318,0.0019465000368654728
72,0.01306480728129636,0.0018632998690009117
73,0.01311624288280805,0.0018168999813497066
74,0.013062358646250362,0.0018039001151919365
75,0.013080592701950196,0.0018445001915097237
76,0.01307636907067283,0.0018511998932808638
77,0.013097908637536081,0.0018092000391334295
78,0.013136260285992723,0.0021603999193757772
79,0.013085516244748232,0.0018726000562310219
80,0.013071280086865488,0.0018191998824477196
81,0.013070788374744097,0.0018118999432772398
82,0.013067916267692922,0.001810399815440178
83,0.013068740672742638,0.0018193998839706182
84,0.013091984739347183,0.001884999917820096
85,0.013066862244495343,0.001823600148782134
86,0.013063968374174544,0.0018277999479323626
87,0.013124018849357634,0.0018667001277208328
88,0.013081655099489428,0.0017989999614655972
89,0.013070311290839751,0.0018152000848203897
90,0.013067924551621328,0.0018201000057160854
91,0.013080250432526894,0.001808500150218606
92,0.013085340106397886,0.0018068000208586454
93,0.0130652899350588,0.0018771998584270477
94,0.013070409860659986,0.0018132999539375305
95,0.013076671210703758,0.001867000013589859
96,0.01306955342556686,0.0018259999342262745
97,0.013066899802669682,0.0018050000071525574
98,0.01307548291974736,0.0018078999128192663
99,0.01310985106333865,0.001794799929484725
100,0.013073085353605778,0.001809299923479557
101,0.013067632323140682,0.0018007999751716852
102,0.013094921022125595,0.0018312002066522837
103,0.013066960192721798,0.0018239000346511602
104,0.013085021736303956,0.0018992000259459019
105,0.01306253303427368,0.0018762999679893255
106,0.013119241773877561,0.001807499909773469
107,0.013086903950415781,0.0018011999782174826
108,0.013109237851898218,0.00180460000410676
109,0.013126732957256275,0.00180159998126328
110,0.013070798604142248,0.0018331999890506268
111,0.013072781777036984,0.0018190001137554646
112,0.013064616474888598,0.001843100180849433
113,0.013064466782727137,0.0018626998644322157
114,0.01307545484360989,0.0018048998899757862
115,0.013068221001094052,0.0018051001243293285
116,0.01308665880718407,0.0018056000117212534
117,0.013063929471039014,0.0017997999675571918
118,0.013082623085792257,0.0018003000877797604
119,0.013067989548410678,0.0018003000877797604
120,0.013152809578194327,0.0017989999614655972
121,0.013071574329962548,0.0019063998479396105
122,0.01308812201177794,0.001859599957242608
123,0.013071068518866568,0.0018792001064866781
124,0.013130785777822666,0.0018656000029295683
125,0.01309400323266308,0.0018054000101983547
126,0.013069003473834486,0.0018263999372720718
127,0.013068061182933752,0.0017977000679820776
128,0.01311021791252907,0.0018068000208586454
129,0.013067233788245711,0.0018692000303417444
130,0.013066250748755264,0.00192760000936687
131,0.013123957939357656,0.001876200083643198
132,0.013067863861080735,0.001806899905204773
133,0.013070358849838048,0.0017961999401450157
134,0.013070334813072513,0.0018035999964922667
135,0.013072501715548213,0.00180129986256361
136,0.013157125699296352,0.00180460000410676
137,0.013074238711723585,0.001809100154787302
138,0.01306272261541547,0.0023155000526458025
139,0.01306897366315964,0.001847399864345789
140,0.013107334972201814,0.0017878999933600426
141,0.013074532099538795,0.0017949000466614962
142,0.013077633283903116,0.001791499787941575
143,0.013183560170837055,0.0018205998931080103
144,0.013066464013879286,0.0018031999934464693
145,0.013080222749186455,0.001846299972385168
146,0.013066612074334771,0.0018506001215428114
147,0.013145132448727073,0.0018205000087618828
148,0.013101749040637066,0.0018847000319510698
149,0.013067050403952077,0.0018017999827861786
150,0.013080741486693194,0.001837400021031499
151,0.013068840735789207,0.001813200069591403
152,0.013069744296998833,0.0018134999554604292
153,0.013072074475713423,0.0018032998777925968
154,0.013071783428765317,0.0017995999660342932
155,0.013066650391316768,0.001877299975603819
156,0.013071285978634948,0.0018261999357491732
157,0.013066842214478106,0.0018772000912576914
158,0.013077082323766089,0.0018589000683277845
159,0.013083793588279586,0.0018337001092731953
160,0.013082347891197674,0.0018048998899757862
161,0.013102597892812182,0.0018089998047798872
162,0.013105350804577531,0.0017985000740736723
163,0.01306206021574968,0.001823600148782134
164,0.013070176994974467,0.0018708999268710613
165,0.013101032733988638,0.00180159998126328
166,0.013079186645188796,0.0018466999754309654
167,0.01306826490071535,0.0018014998640865088
168,0.013168213774264652,0.0017989999614655972
169,0.013070732470456531,0.0017993999645113945
170,0.01307026703674372,0.0017927999142557383
171,0.013105233280677964,0.0017915999051183462
172,0.013074131558320249,0.0018367997836321592
173,0.013087820071199508,0.0018402999266982079
174,0.0130744449299656,0.001768799964338541
175,0.01309392035147024,0.0018078000284731388
176,0.013094101425153219,0.0017852000892162323
177,0.01306789538888396,0.0017741001211106777
178,0.01308262252188052,0.0017778000328689814
179,0.013085113904976417,0.0017621000297367573
180,0.013112280770168912,0.0017638998106122017
181,0.013065598965739545,0.001864599995315075
182,0.013068128110672626,0.0018492999952286482
183,0.013065615932317065,0.0018486999906599522
184,0.0131120339955552,0.0018155998550355434
185,0.013147326010509122,0.0018719001673161983
186,0.013094417164308484,0.0018575999420136213
187,0.013206909744300901,0.0018635999877005816
188,0.013072712551013003,0.0018142999615520239
189,0.013065418375836694,0.0021216999739408493
190,0.013076225013075168,0.0019153000321239233
191,0.013065628604268211,0.0018264001701027155
192,0.013064906815502896,0.0018204001244157553
193,0.013202415242631169,0.00182819995097816
194,0.013066094209098112,0.0018216001335531473
195,0.013083321268147536,0.001835299888625741
196,0.013064987521487123,0.0018308002036064863
197,0.013062267405437436,0.0018276001792401075
198,0.01306595557412951,0.0020314001012593508
199,0.013070501670260429,0.0018744999542832375
200,0.01306748060890864,0.0018112000543624163
201,0.013064590333505337,0.0018861000426113605
202,0.01310395531184481,0.0018891000654548407
203,0.013075096384664588,0.0018767998553812504
204,0.013077371295735008,0.0018118999432772398
205,0.01313194915820678,0.0018066999036818743
206,0.013067336875219002,0.0019031001720577478
207,0.013071875263892923,0.0019664999563246965
208,0.013063782550679047,0.0018313000909984112
209,0.013079860503309074,0.001805200008675456
210,0.013070983427826822,0.0017939000390470028
211,0.013077348218801394,0.001817299984395504
212,0.013071921426519839,0.0018076999112963676
213,0.013072573156475819,0.0017995999660342932
214,0.013108344300468311,0.001788900000974536
215,0.013074127836950698,0.0018758000805974007
216,0.01306520670541242,0.0018853999208658934
217,0.01306955185904537,0.0018304998520761728
218,0.013069484528523722,0.0017957999370992184
219,0.01308350811238319,0.001780299935489893
220,0.013067401085900836,0.0018140000756829977
221,0.01312445699425682,0.0018132999539375305
222,0.01318959303742136,0.0017832000739872456
223,0.013103432457783719,0.0018313000909984112
224,0.013097043308472391,0.0018746999558061361
225,0.013063365641991337,0.0018420000560581684
226,0.013075004341123648,0.0018096999265253544
227,0.013067276558463422,0.001793599920347333
228,0.013085574298307506,0.001786600099876523
229,0.01307522004327641,0.0017915999051183462
230,0.01306974062331438,0.0017762999050319195
231,0.013066928581110445,0.0017816000618040562
232,0.013064735226597032,0.001820000121369958
233,0.013063314653288357,0.0019197999499738216
234,0.013064179628008222,0.0019147999119013548
235,0.013100654742964854,0.0018046998884528875
236,0.013069422968910317,0.0018013999797403812
237,0.013067558427656315,0.0017960001714527607
238,0.013080605065327327,0.0017920001409947872
239,0.01306656599324311,0.0019107998814433813
240,0.013142047957557452,0.0018100999295711517
241,0.013082132957693303,0.0021623000502586365
242,0.013067955207075264,0.0018255999311804771
243,0.013062620210105564,0.0018130999524146318
244,0.013072990416047117,0.00180159998126328
245,0.01307050822357777,0.0017872999887913465
246,0.013102874143537531,0.0017870001029223204
247,0.01309848538486988,0.001858999952673912
248,0.01306819633493906,0.0018384999129921198
249,0.013069138038596372,0.0019432001281529665
250,0.013067815834785118,0.001841000048443675
251,0.013105712063346146,0.001800500089302659
252,0.013072199651595218,0.001860199961811304
253,0.0131066781229247,0.0018752999603748322
254,0.013071135294222505,0.0018095001578330994
255,0.013069836889936952,0.0017943000420928001
256,0.013106259945651429,0.001799900084733963
257,0.013074369378540463,0.0018110000528395176
258,0.01307476506029643,0.0020860000513494015
259,0.013083440684493654,0.0018125001806765795
260,0.013104277459388762,0.0017969999462366104
261,0.013074111174249706,0.0018076999112963676
262,0.013065386137998446,0.0017768999096006155
263,0.01306440372831497,0.0017872999887913465
264,0.013082467548587022,0.0018165998626500368
265,0.013072298395181486,0.0017861002124845982
266,0.013067952948628518,0.001841000048443675
267,0.013088149299411158,0.00184449995867908
268,0.013071803555385057,0.0017864999826997519
269,0.01306733358368306,0.0017794999293982983
270,0.013071252818552917,0.0018013000953942537
271,0.013155334637255168,0.0017834999598562717
272,0.01309415685495402,0.0018321000970900059
273,0.013156294203222415,0.0018321999814361334
274,0.013066790195802654,0.0017950998153537512
275,0.01307154422686516,0.001790700014680624
276,0.013068290142219005,0.0018792001064866781
277,0.013066028558385494,0.0017903998959809542
278,0.013088025552475733,0.0017725999932736158
279,0.01306701099543085,0.0017736000008881092
280,0.013065151121393117,0.001782699953764677
281,0.013071980408909209,0.0017824000678956509
282,0.013068247434036078,0.001824100036174059
283,0.013074654465576388,0.0018086000345647335
284,0.013077709207365035,0.0018222997896373272
285,0.013078683512359428,0.0018066000193357468
286,0.013072176935862751,0.0017959000542759895
287,0.013066863608655353,0.001841600053012371
288,0.013081337955812351,0.0018108999356627464
289,0.013067981445017552,0.0017889998853206635
290,0.013069576390142489,0.0018112000543624163
291,0.013063100328520014,0.001827700063586235
292,0.013069160103115552,0.0017995999660342932
293,0.013062646643973838,0.0018498999997973442
294,0.013069593224161456,0.001806400017812848
295,0.013081007412963735,0.0017933000344783068
296,0.013104000094984377,0.001849600113928318
297,0.013085240338084649,0.0017776999156922102
298,0.013070383655784322,0.0018435998354107141
299,0.013066013329287684,0.0018094000406563282
300,0.013070457554898841,0.0017895998898893595
301,0.013068306945790715,0.0018362998962402344
302,0.013082659574117151,0.0018271999433636665
303,0.013072930692407404,0.0017880999948829412
304,0.013141385153158044,0.001801700098440051
305,0.013124688971313376,0.0017850999720394611
306,0.01307706118176489,0.0018408000469207764
307,0.013063741802190885,0.001895399997010827
308,0.013070065898530537,0.0018811000045388937
309,0.013069170788340363,0.0018396000377833843
310,0.0130654863342077,0.0022083998192101717
311,0.01310004246028927,0.0018440999556332827
312,0.013071093332955346,0.0018281000666320324
313,0.013065913717072608,0.0017899998929351568
314,0.013095324411482945,0.0018139001913368702
315,0.013066910927414995,0.0017816999461501837
316,0.013065359502910224,0.0018466999754309654
317,0.013073359220161162,0.0018714000470936298
318,0.013065107338856881,0.0021319000516086817
319,0.013110836630882385,0.0018804001156240702
320,0.013070617348644165,0.0018186999950557947
321,0.013092107470119534,0.001786199864000082
322,0.013064390742119557,0.001786600099876523
323,0.01308375539651639,0.0017834000755101442
324,0.013081544973010192,0.0017777001485228539
325,0.013067355367506991,0.0018078999128192663
326,0.013067658092658746,0.0017850000876933336
327,0.013066945490327758,0.0018665001261979342
328,0.013076256039113741,0.001849799882620573
329,0.013103735539040543,0.0018033001106232405
330,0.013087817425402186,0.0018372000195086002
331,0.013067544168693965,0.0017927000299096107
332,0.01306588684383911,0.00179829983972013
333,0.013064695632282545,0.0018074000254273415
334,0.013070736039844086,0.0018003999721258879
335,0.013092781150156224,0.0017733999993652105
336,0.013072371018112218,0.0018573999404907227
337,0.013066851725226867,0.0017967000603675842
338,0.013088116681029771,0.0017591998912394047
339,0.013088051621493917,0.0018208001274615526
340,0.013067444239926186,0.0018399001564830542
341,0.01306519227017023,0.001783299958333373
342,0.013079096734231884,0.0017829998396337032
343,0.013063465967119263,0.0017717999871820211
344,0.013069970282387959,0.0017482000403106213
345,0.013069112230444876,0.0019745000172406435
346,0.013066459437869795,0.0017919999081641436
347,0.013064443548144601,0.001783100189641118
348,0.013086520605458011,0.0018578998278826475
349,0.013069132485987404,0.001853700028732419
350,0.013100717596106665,0.0018771998584270477
351,0.0130646136688817,0.0018333999905735254
352,0.013117024740812383,0.0018343999981880188
353,0.013063186656186368,0.0024082998279482126
354,0.013073703683592858,0.0019275001250207424
355,0.013066606664992684,0.0018629999831318855
356,0.01306749040713437,0.0018486999906599522
357,0.013084066469442263,0.0018585000652819872
358,0.013077077139502574,0.001860199961811304
359,0.01306757527792902,0.0018088000360876322
360,0.0131937640383072,0.0017910997848957777
361,0.013068776222282537,0.0017994001973420382
362,0.013072732721366182,0.0018906001932919025
363,0.013105243083484736,0.0018196001183241606
364,0.013065500934712612,0.001796599943190813
365,0.013085394915182558,0.001810800051316619
366,0.013067801470494203,0.0019237000960856676
367,0.013068373548956496,0.0019740001298487186
368,0.01306573455552317,0.0018476999830454588
369,0.013069665557106928,0.0018468000926077366
370,0.013091218282554162,0.0019712999928742647
371,0.0130649958916367,0.0018962998874485493
372,0.013064856882413576,0.0018518001306802034
373,0.013069776468035125,0.0018545000348240137
374,0.013087931219071144,0.0018958000000566244
375,0.013084225062050115,0.0018714000470936298
376,0.013086947501927924,0.0018552998080849648
377,0.01309560208221282,0.0018557999283075333
378,0.01312207047822227,0.0019720999989658594
379,0.013075533564315234,0.0018684000242501497
380,0.01307358976971782,0.0018587000668048859
381,0.013084918433383112,0.00185779994353652
382,0.01307103584244476,0.001876399852335453
383,0.01307039934777215,0.0019102999940514565
384,0.013067609294810715,0.0018625999800860882
385,0.013094047974702702,0.00185080012306571
386,0.013083034774190847,0.001912000123411417
387,0.0130689496566896,0.0018652998842298985
388,0.013070730719401005,0.0018657001201063395
389,0.013079718743779892,0.0018893999513238668
390,0.01311206464335632,0.0018553000409156084
391,0.013065167575476115,0.0018245999235659838
392,0.01318981841718091,0.0018850001506507397
393,0.013068058260555853,0.0018416999373584986
394,0.013064529148953268,0.0018466999754309654
395,0.013101534804253818,0.001895399997010827
396,0.013078516032037498,0.001867000013589859
397,0.013064227844580643,0.0018829000182449818
398,0.01307396729688203,0.0018023999873548746
399,0.01306837944206034,0.0018029001075774431
400,0.013076509159711877,0.0018054000101983547
401,0.013105599963545643,0.0018021001014858484
402,0.013069078449343305,0.0018529999069869518
403,0.013074736201056881,0.002114600036293268
404,0.013080747258690378,0.002257899846881628
405,0.013064060618660726,0.0017973000649362803
406,0.013066657486329342,0.0017955000512301922
407,0.013079320181615818,0.0017997999675571918
408,0.013073168505372735,0.0017893998883664608
409,0.013064521181311515,0.0018027001060545444
410,0.013067283236418982,0.0017987999599426985
411,0.013064702873627418,0.0018263000529259443
412,0.013078665142118018,0.0018660000059753656
413,0.0130705143320515,0.0018015000969171524
414,0.013102283274804265,0.001792500028386712
415,0.013066440465451147,0.001799300080165267
416,0.013071928272723004,0.0017916001379489899
417,0.013069025727908912,0.001807499909773469
418,0.013084708643035783,0.0017839998472481966
419,0.013073257394467372,0.00182420015335083
420,0.013106844892766846,0.001810200046747923
421,0.013085596091578519,0.0019090999849140644
422,0.013077560595429057,0.0018178001046180725
423,0.01306714424269323,0.00179460016079247
424,0.013067234647145631,0.0017975999508053064
425,0.013064359409398821,0.0017929000314325094
426,0.013066021057350186,0.0017949999310076237
427,0.01308429565244942,0.001800099853426218
428,0.013070474540649647,0.0018424999434500933
429,0.013101586159513788,0.002181599847972393
430,0.013153087615980344,0.001954900100827217
431,0.013080553409148873,0.0018822001293301582
432,0.013063641664302742,0.001846299972385168
433,0.013071057040803805,0.0018492999952286482
434,0.013079601152188907,0.0018738999497145414
435,0.013065056699564781,0.0018510001245886087
436,0.013104934825322304,0.0018044000025838614
437,0.013079530938044549,0.0023163999430835247
438,0.01306471826681227,0.001867000013589859
439,0.013107465611948565,0.0018476999830454588
440,0.013064364294145763,0.0018555999267846346
441,0.013072314754283136,0.0018803998827934265
442,0.013106608290246216,0.0019281001295894384
443,0.01311217158263815,0.0019330999348312616
444,0.013074746812274638,0.0018498999997973442
445,0.013068698587538332,0.0019337001722306013
446,0.013080588760690367,0.001990000018849969
447,0.01306433286050576,0.001869899919256568
448,0.01307757014321891,0.0018178999889642
449,0.013065688867231775,0.0018074000254273415
450,0.013097934354828646,0.0018364000134170055
451,0.013082797675162449,0.0018237000331282616
452,0.013103198109039321,0.0018037001136690378
453,0.013161197112128022,0.0017957000527530909
454,0.013077867677037254,0.001882599899545312
455,0.013079335743075803,0.0018610002007335424
456,0.013077962789446486,0.0017937999218702316
457,0.013071553015952085,0.001801700098440051
458,0.013070994759911919,0.0018118999432772398
459,0.013076208899832823,0.0018355001229792833
460,0.013075364614022074,0.0018785998690873384
461,0.013069248389341051,0.0018068000208586454
462,0.013069868720695838,0.0018020998686552048
463,0.013061891856275007,0.002244299976155162
464,0.013096366083642935,0.0018838001415133476
465,0.013064864064960024,0.0018090999219566584
466,0.013071849656772475,0.0018042000010609627
467,0.013064865085013883,0.0017997999675571918
468,0.013068477574921637,0.0018294998444616795
469,0.01306332622524525,0.0018289999570697546
470,0.013072808843619797,0.0018304998520761728
471,0.013081046658057895,0.001867000013589859
472,0.013105120621555387,0.0018494999967515469
473,0.013066017661557325,0.0018192999996244907
474,0.013101681222715121,0.0017877998761832714
475,0.013062351582145448,0.0017846000846475363
476,0.013101693406751973,0.0017822000663727522
477,0.013066616074395453,0.0018865999300032854
478,0.01315113790707555,0.0018583000637590885
479,0.013069691042715277,0.0017872999887913465
480,0.01306567310182691,0.0018555999267846346
481,0.013068708012276322,0.0017905998975038528
482,0.013133374294196717,0.0018579999450594187
483,0.013074243144824395,0.0018929000943899155
484,0.013082156063490969,0.001891900086775422
485,0.013072238013216103,0.0019021998159587383
486,0.013078140764374708,0.0018470999784767628
487,0.013088517743971531,0.0019326000474393368
488,0.013064736639132544,0.0018557000439614058
489,0.013065533497500904,0.0018170000985264778
490,0.013081684623792642,0.001793400151655078
491,0.013063924138857179,0.0018887999467551708
492,0.013125271389415216,0.0018384000286459923
493,0.013091590542765642,0.0017896001227200031
494,0.013084644309232325,0.0017872999887913465
495,0.013065982376973857,0.001809299923479557
496,0.01306529119171465,0.001792800147086382
497,0.013076670938561725,0.0022080999333411455
498,0.013077870971625442,0.001867000013589859
499,0.013069394427165227,0.0018054000101983547
500,0.0131060565224384,0.0018935000989586115
501,0.01308654480164422,0.0018370000179857016
502,0.013062158960948603,0.0017981999553740025
503,0.01309609810018853,0.001791900023818016
504,0.013300696963553701,0.0018140999600291252
505,0.013068945973317205,0.001810999820008874
506,0.013065631626898843,0.0018632998690009117
507,0.01307079299859468,0.0017968001775443554
508,0.01308693721731326,0.0017981999553740025
509,0.013073144574241647,0.001843899954110384
510,0.013062552243342213,0.0018119001761078835
511,0.013084729954921916,0.0017958998214453459
512,0.013062956146825077,0.0017944001592695713
513,0.013113825866426752,0.001785400090739131
514,0.013069725642711853,0.001856100047007203
515,0.013077660466536944,0.0018152999691665173
516,0.013061929396113958,0.001793599920347333
517,0.01306872833646409,0.0017959000542759895
518,0.013071209565234323,0.0018259999342262745
519,0.01306382966991466,0.0022499000187963247
520,0.013066639593543554,0.0018962998874485493
521,0.013062833185388697,0.00185479992069304
522,0.013108951088129749,0.001863500103354454
523,0.013098215577610997,0.001843899954110384
524,0.013080554473689093,0.001861899858340621
525,0.013068586890984713,0.0018759001977741718
526,0.013070994214919803,0.0018031001091003418
527,0.01306594314117511,0.0018626002129167318
528,0.013073955715869116,0.0018580998294055462
529,0.013065052428868304,0.0018638998735696077
530,0.013093883938967633,0.0018130000680685043
531,0.013072025804189029,0.0018905999604612589
532,0.01309518029571442,0.0019268000032752752
533,0.01306481227594107,0.0018247999250888824
534,0.01309812500288056,0.0017977000679820776
535,0.013075475204283933,0.0017924001440405846
536,0.013065850007822444,0.0018490999937057495
537,0.013105037642777448,0.0018702000379562378
538,0.013066424012002274,0.0017998002003878355
539,0.013093453584809876,0.0018005999736487865
540,0.013071723977598959,0.0018774999771267176
541,0.013062042096411082,0.0018074000254273415
542,0.013079631905192905,0.001796400174498558
543,0.013078958146567937,0.001795999938622117
544,0.01306301206900841,0.0017995999660342932
545,0.01306753262469481,0.0018319999799132347
546,0.013099668778000341,0.0018643999937921762
547,0.013068876321225973,0.0017945000436156988
548,0.01307324658120737,0.0019203000701963902
549,0.013085339084894693,0.001914900029078126
550,0.013074562617937192,0.001923699863255024
551,0.013067675719467601,0.001821399899199605
552,0.013068109658125913,0.0017937999218702316
553,0.013075918101354084,0.0017919999081641436
554,0.013066109826265585,0.0018084999173879623
555,0.01308924074510926,0.0018505000043660402
556,0.01306741379673646,0.0018933999817818403
557,0.013074468342886829,0.0021251998841762543
558,0.013069847668733363,0.0018285000696778297
559,0.013068520668864339,0.0018078000284731388
560,0.013071450856090346,0.0017939999233931303
561,0.01308447311001052,0.0017880999948829412
562,0.01314553356196052,0.0017841998487710953
563,0.013065922437778644,0.0018339999951422215
564,0.013090690994656753,0.0018788999877870083
565,0.013067119317849745,0.0018396000377833843
566,0.013066427074548267,0.0018178999889642
567,0.013122973088898792,0.0017911999020725489
568,0.013078819277795611,0.001793100032955408
569,0.013062355313945883,0.0017893000040203333
570,0.013065281688290112,0.0017900001257658005
571,0.013194751771626196,0.0017907998990267515
572,0.013075568331097295,0.0018054998945444822
573,0.013064648391649223,0.0018156999722123146
574,0.013280011110620013,0.0018951999954879284
575,0.013071885606651613,0.0017881998792290688
576,0.013070070523916682,0.0017911000177264214
577,0.0130808002487245,0.001784399850293994
578,0.013086145041852529,0.0017909000162035227
579,0.013084359141366254,0.0018388999160379171
580,0.013066576290089577,0.0018569000530987978
581,0.013063192877814775,0.0018859000410884619
582,0.013074947737200466,0.0018301000818610191
583,0.013103143259384257,0.0018098000437021255
584,0.013066409117040528,0.0018112000543624163
585,0.013088902465647808,0.0017972001805901527
586,0.013071444864171845,0.0018158999737352133
587,0.013096394204836607,0.0018214001320302486
588,0.013064008636742737,0.0018056000117212534
589,0.0130636762920922,0.0017955000512301922
590,0.013077421412273992,0.0017956998199224472
591,0.013064638655795343,0.0018779002130031586
592,0.013071150208237656,0.0018035999964922667
593,0.013093608828643199,0.0018146000802516937
594,0.013069817197965666,0.0018151002004742622
595,0.01306722177495493,0.0018108999356627464
596,0.013073496344665807,0.0017915999051183462
597,0.013071253634405271,0.001792399911209941
598,0.013068559638070614,0.0017842999659478664
599,0.013075291406936125,0.0019105998799204826
600,0.013085254552099346,0.002065999899059534
601,0.013070937621021683,0.0018412000499665737
602,0.013091412410803195,0.0018622998613864183
603,0.01307055768716499,0.0018176999874413013
604,0.013098753970669763,0.0018031001091003418
605,0.013070069013759943,0.0018023999873548746
606,0.013104571746815124,0.001807499909773469
607,0.013084697123670297,0.0018492999952286482
608,0.013090497678883976,0.001887800171971321
609,0.013065360735244414,0.001819099998101592
610,0.013068760858416625,0.0017938998062163591
611,0.013070798058714209,0.0018035999964922667
612,0.0130768497716832,0.0017848999705165625
613,0.013085831612435853,0.0019162001553922892
614,0.013071751170215093,0.0018616998568177223
615,0.013068518015184407,0.0018339999951422215
616,0.013075403737988833,0.0017965000588446856
617,0.013069497241487192,0.0022575000766664743
618,0.013067444024631149,0.0018341001123189926
619,0.013070229546911862,0.001787200104445219
620,0.013113126882152493,0.0018187998794019222
621,0.01307349187052813,0.0018086000345647335
622,0.013113570567620135,0.0018766000866889954
623,0.013066026778444366,0.00183450011536479
624,0.013073668091302932,0.0017790000420063734
625,0.013107514795338985,0.0018211998976767063
626,0.013066485109023779,0.0018148000817745924
627,0.013148804177949775,0.001785400090739131
628,0.01306910228361136,0.0017707000952214003
629,0.013141919584683463,0.001789500005543232
630,0.01306406896472968,0.0018138999585062265
631,0.013066558108946079,0.0017854999750852585
632,0.013105689559347085,0.0017771001439541578
633,0.01308447132188962,0.0017770000267773867
634,0.013076888483850581,0.0018307000864297152
635,0.013091747539939995,0.0018018002156168222
636,0.013069964912698673,0.0018313999753445387
637,0.013108673322308174,0.0017981999553740025
638,0.013084254484384534,0.001792500028386712
639,0.013070218678729801,0.0018082999158650637
640,0.013069577263822903,0.0017824000678956509
641,0.013066687765910485,0.001786600099876523
642,0.01308032613968687,0.0017804999370127916
643,0.013091221279846419,0.0018776999786496162
644,0.013085099169878184,0.001782099949195981
645,0.013080241965217442,0.0017856000922620296
646,0.01306492440911522,0.0017840000800788403
647,0.013068564291976724,0.0017789998091757298
648,0.013065901753505346,0.0018555999267846346
649,0.013077124099732183,0.001784800086170435
650,0.01309310024016808,0.0017984998412430286
651,0.013065285760322768,0.0018009000923484564
652,0.01307222132214908,0.0018393001519143581
653,0.013070871885134443,0.0017794000450521708
654,0.01306839640458794,0.0017864999826997519
655,0.013086265315759037,0.001797500066459179
656,0.013090847809548075,0.001779099926352501
657,0.013071923561132837,0.001814400078728795
658,0.013067540656190108,0.0018003999721258879
659,0.013071663051587266,0.001781499944627285
660,0.013097171115296577,0.0018300998490303755
661,0.013134373374168812,0.0018394000362604856
662,0.013079889693499871,0.0017743001226335764
663,0.01306520153376006,0.0017838000785559416
664,0.013089869955536033,0.0017644001636654139
665,0.013064911751954303,0.0017761001363396645
666,0.01306586121067462,0.0017810000572353601
667,0.013063495029764836,0.0018003999721258879
668,0.013073510368656404,0.0018469998612999916
669,0.013122256241956601,0.0020361999049782753
670,0.013066136565248663,0.001895200228318572
671,0.013068490682129385,0.0018389001488685608
672,0.013077585531981819,0.0019040999468415976
673,0.013064780830806574,0.0019437998998910189
674,0.013087251274875953,0.001847999868914485
675,0.013081501772334183,0.0018275000620633364
676,0.013064898882864254,0.0018207000102847815
677,0.013081056283662962,0.0021309000439941883
678,0.013073323397134557,0.0018880998250097036
679,0.013068068891742135,0.0018574001733213663
680,0.013096602916450888,0.001880299998447299
681,0.013083917858022109,0.001894199987873435
682,0.013067917498626708,0.0019051001872867346
683,0.013085739923051941,0.0019002999179065228
684,0.013074726789546263,0.0018676999025046825
685,0.013067089949272316,0.0018371001351624727
686,0.013114773692090943,0.001929599791765213
687,0.01307570030144664,0.001849600113928318
688,0.013072810381139558,0.0018619000911712646
689,0.013065602997346402,0.0018131001852452755
690,0.013069622471549493,0.0018433998338878155
691,0.013085910220926901,0.001853100024163723
692,0.013063145005266518,0.001795399934053421
693,0.013137853191923067,0.0018046998884528875
694,0.013076830751613549,0.001955999992787838
695,0.013090934507043102,0.0019285001326352358
696,0.013066662344904731,0.001865300117060542
697,0.013139135985977176,0.0018537999130785465
698,0.013118324846403169,0.0018408000469207764
699,0.013319387743003293,0.0018394999206066132
700,0.013087756359360802,0.0018628002144396305
701,0.013102609309819548,0.0018529000226408243
702,0.013073133113040213,0.0018275000620633364
703,0.013077787193309959,0.0018951001111418009
704,0.013066072135041353,0.0018740999512374401
705,0.013070076705367474,0.0018186999950557947
706,0.013066176152490479,0.0018085998017340899
707,0.013065661437693879,0.0018199000041931868
708,0.013076431962884627,0.0018225000239908695
709,0.013113483468811197,0.001836499897763133
710,0.013069140651523007,0.0018088999204337597
711,0.013066371431095687,0.0019284000154584646
712,0.013101452236591008,0.0019278000108897686
713,0.013068523136575864,0.0018807000014930964
714,0.013063968780735128,0.00185080012306571
715,0.01307730944243664,0.0017957000527530909
716,0.013162159511530982,0.0017973999492824078
717,0.013128811506736619,0.0018088000360876322
718,0.01308502754987366,0.001798899844288826
719,0.013064771999801234,0.0017929000314325094
720,0.013077657034936284,0.0018587999511510134
721,0.013067522831596807,0.001962000038474798
722,0.01310234692392773,0.0018619999755173922
723,0.013067708924638089,0.0018085998017340899
724,0.013064644413713968,0.001853700028732419
725,0.013073432054912537,0.0017963999416679144
726,0.013071421321327069,0.0018017999827861786
727,0.013064206782096187,0.0017948001623153687
728,0.013062961783079243,0.0017872999887913465
729,0.013114756853018161,0.001944500021636486
730,0.013068894653436804,0.0018530997913330793
731,0.01306579396439133,0.001793599920347333
732,0.01306387662434248,0.001910200109705329
733,0.013074995925527669,0.0018768999725580215
734,0.013066828866317505,0.0018183998763561249
735,0.013071601548266672,0.0018126999493688345
736,0.013072141674200939,0.0018988000229001045
737,0.013082112512573078,0.0021387001033872366
738,0.013076256388040568,0.0019869001116603613
739,0.013084684626968083,0.0018123998306691647
740,0.0130647168491343,0.001850700005888939
741,0.013065605294664856,0.001795999938622117
742,0.013065755671396888,0.0017901998944580555
743,0.013062478209702707,0.0017700998578220606
744,0.013067305984772789,0.0017991000786423683
745,0.013067925260950672,0.0018181998748332262
746,0.013079360301900496,0.0018740999512374401
747,0.0130688556398249,0.0017691999673843384
748,0.01308790205155958,0.0017850000876933336
749,0.013125404521483195,0.001838100142776966
750,0.013068525193704147,0.0017877998761832714
751,0.013070503948421132,0.0017785998061299324
752,0.013066754720745314,0.0017758000176399946
753,0.013066868049511297,0.0017776999156922102
754,0.013108028778028276,0.001782699953764677
755,0.013083232427370205,0.0018647999968379736
756,0.013062923964293233,0.0017760000191628933
757,0.013203745808809024,0.0017887998837977648
758,0.013083597824147676,0.00180159998126328
759,0.013087722846879537,0.0018195000011473894
760,0.013093142597146315,0.0017690998502075672
761,0.01307545180022605,0.001780899940058589
762,0.01307259068774169,0.001780899940058589
763,0.013121173711334715,0.0017902001272886992
764,0.01308377673473681,0.0018988000229001045
765,0.013065017285099866,0.00180460000410676
766,0.013066949894579237,0.0017735001165419817
767,0.01307133534847435,0.001782099949195981
768,0.01315077647483649,0.0017941000405699015
769,0.013064807444949565,0.0017786999233067036
770,0.013067039400944967,0.0017784000374376774
771,0.013069343909089886,0.001778499921783805
772,0.013080185066973414,0.00177800003439188
773,0.013083624328235188,0.001877599861472845
774,0.01306449452070286,0.0017846999689936638
775,0.013077074928662443,0.0017764999065548182
776,0.013097022159519238,0.0017820000648498535
777,0.013093508407533736,0.0017859998624771833
778,0.013073969684374007,0.0017736000008881092
779,0.013071143685409303,0.0017737001180648804
780,0.013064734573547487,0.0017726998776197433
781,0.013065716961688357,0.001813399838283658
782,0.013065501906484284,0.0018170000985264778
783,0.013066169943524606,0.001781900180503726
784,0.013066915419324004,0.0017764999065548182
785,0.013065057082526418,0.0017689999658614397
786,0.013068780696067544,0.0018064999021589756
787,0.013074644153483542,0.0017774999141693115
788,0.013083507709115602,0.0017718998715281487
789,0.01306481750931381,0.0017708998639136553
790,0.013076829290760502,0.001838600030168891
791,0.013069328508423314,0.0018223000224679708
792,0.013065670527775831,0.00177800003439188
793,0.013069609328102028,0.0017812999431043863
794,0.013096579242316799,0.0017800000496208668
795,0.01308045037351864,0.0017812999431043863
796,0.013067336064667888,0.0018036998808383942
797,0.01306340144911444,0.0019076999742537737
798,0.013079966329373959,0.0018567999359220266
799,0.013087536043302669,0.0020536999218165874
800,0.013081778015574566,0.0018859000410884619
801,0.013100475780830264,0.001819700002670288
802,0.013124394765311199,0.0017963000573217869
803,0.013087379533303673,0.0017935000360012054
804,0.013113147300959504,0.001863500103354454
805,0.01309011157602655,0.0018715998157858849
806,0.013099943114126551,0.0018484999891370535
807,0.013076213622200406,0.0018676999025046825
808,0.013077655580357816,0.0018016998656094074
809,0.013111148889031423,0.001921399962157011
810,0.013064615177366155,0.001852500019595027
811,0.013071027733322785,0.0018017999827861786
812,0.01306666038482218,0.001800999976694584
813,0.01307439116618491,0.001879099989309907
814,0.013096472086302793,0.0018192999996244907
815,0.013085803307545711,0.0018054000101983547
816,0.013135821930022362,0.0018613999709486961
817,0.013063227353832228,0.0018178999889642
818,0.013105814728952532,0.0018186001107096672
819,0.013071073743596374,0.0017985000740736723
820,0.013065622279557482,0.0017840999644249678
821,0.01306847327663502,0.0017979999538511038
822,0.013065767178266274,0.0018287000712007284
823,0.013069649342428307,0.0018527000211179256
824,0.013082074558808153,0.0017953000497072935
825,0.013064375325322768,0.0019525999668985605
826,0.013068042043422583,0.0018579999450594187
827,0.013064742259317537,0.0018276001792401075
828,0.013088491640420488,0.0018935000989586115
829,0.01307163712307234,0.0018163998611271381
830,0.013071285755339234,0.0017960998229682446
831,0.0131242907907635,0.0018277999479323626
832,0.013102187981311344,0.0018662998918443918
833,0.013098111305926953,0.001917900051921606
834,0.013087251844318278,0.0018319000955671072
835,0.01314091396393644,0.0017984998412430286
836,0.013067119562449131,0.0018430999480187893
837,0.01314073740308104,0.0018133001867681742
838,0.013063825847079292,0.0018331999890506268
839,0.013099953878561261,0.001912199892103672
840,0.013083637926797313,0.0018506001215428114
841,0.013090371236560904,0.0018920002039521933
842,0.013080289412039496,0.0018707998096942902
843,0.013063592153742169,0.0018517000135034323
844,0.013072350801379877,0.0017974998336285353
845,0.0130864175175036,0.001810300163924694
846,0.01306511813916265,0.0017983999568969011
847,0.013078621029226599,0.0018040998838841915
848,0.013169076359748396,0.0018015000969171524
849,0.01306474821420736,0.0018394999206066132
850,0.013068285199062706,0.0019012000411748886
851,0.013069846641536424,0.001909600105136633
852,0.013065585062166374,0.0018845999147742987
853,0.01309829514974097,0.0018710000440478325
854,0.01306729275195325,0.0018261000514030457
855,0.013065944981150927,0.001808699918910861
856,0.01311454215107769,0.0018058998975902796
857,0.013069250141388508,0.0018042000010609627
858,0.013126562375009768,0.0021680998615920544
859,0.013063432043131588,0.0019534998573362827
860,0.013095081756521113,0.0019217000808566809
861,0.01308472330055827,0.0018166000954806805
862,0.013076563009107443,0.0018214001320302486
863,0.013066185048561376,0.001912799896672368
864,0.01308448730352501,0.0018507998902350664
865,0.01306594141808001,0.0018071001395583153
866,0.013074474363147908,0.001831799978390336
867,0.013067806455406996,0.0018855000380426645
868,0.013098583695493595,0.0018059001304209232
869,0.013084142357451742,0.001809899928048253
870,0.013068857559641834,0.0018100000452250242
871,0.013092489153496872,0.0017932998016476631
872,0.01307460319735075,0.001807499909773469
873,0.013085516175199522,0.0017866999842226505
874,0.01306714278487802,0.0017875998746603727
875,0.013073970902646533,0.0018038998823612928
876,0.013074123671985925,0.0019007998052984476
877,0.013066081909635848,0.0018368000164628029
878,0.013128444760300279,0.0018164999783039093
879,0.013064050329182446,0.0018094000406563282
880,0.01308835610071668,0.0017997999675571918
881,0.01309007621122281,0.0018142000772058964
882,0.013096291698979226,0.001796599943190813
883,0.013074340693012576,0.001792099792510271
884,0.013070220844703797,0.0018640998750925064
885,0.013091955352675481,0.001851400127634406
886,0.013083448005693913,0.001811099937185645
887,0.013063499822804348,0.00181489996612072
888,0.013066647583798689,0.0018298998475074768
889,0.013076838034461533,0.0019509000703692436
890,0.013085665030697658,0.0018585999496281147
891,0.013082906294679043,0.0018623999785631895
892,0.013086182516870179,0.0018387001473456621
893,0.013063538548830264,0.0018782000988721848
894,0.013084091779969848,0.0018466999754309654
895,0.013072532946762734,0.001856100047007203
896,0.013068763085270874,0.001888300059363246
897,0.013064933901925141,0.0018845999147742987
898,0.013068567067890134,0.0017933999188244343
899,0.013067911054764193,0.0018163998611271381
900,0.013099295790776944,0.0017996998503804207
901,0.013100109729540042,0.0018428999464958906
902,0.013073476352930293,0.001830599969252944
903,0.013066262826643037,0.0018040998838841915
904,0.013100619640701635,0.0018376000225543976
905,0.013082261221262364,0.0018598998431116343
906,0.013077776232960076,0.0018258998170495033
907,0.01306452194969163,0.0018301999662071466
908,0.013070877916124872,0.001824100036174059
909,0.01306512417526158,0.0018142000772058964
910,0.013091460876949606,0.0018871999345719814
911,0.013069786370388864,0.0018076000269502401
912,0.013093011812776442,0.0017944001592695713
913,0.01312446287587451,0.0018068000208586454
914,0.013069444647569536,0.0017909999005496502
915,0.013076422793296,0.0018084000330418348
916,0.013069750386772706,0.0017981999553740025
917,0.013064290440796036,0.001880900003015995
918,0.013066058261205203,0.0025454999413341284
919,0.013125243811577193,0.001865300117060542
920,0.013090355883730174,0.00179130001924932
921,0.013064410725426863,0.0017856999766081572
922,0.01307303136836325,0.0018971001263707876
923,0.013077220425510417,0.001824399922043085
924,0.01307375791404889,0.0018301999662071466
925,0.01306755729754007,0.0017801998183131218
926,0.013095240857888029,0.001923199975863099
927,0.013093305920760263,0.0018301000818610191
928,0.013067163746965415,0.0017949999310076237
929,0.0130734366887952,0.0017701999749988317
930,0.013091934704018517,0.001789500005543232
931,0.013101758649151309,0.0018287000712007284
932,0.013063858826073955,0.001819400116801262
933,0.01306439277740011,0.0017809001728892326
934,0.013078669218461368,0.0017629999201744795
935,0.013126358458467557,0.0018406000453978777
936,0.01309655244425372,0.0018221999052911997
937,0.013071072676668188,0.0017560000997036695
938,0.013067155192855916,0.0017625000327825546
939,0.013064924363121186,0.0017730998806655407
940,0.013069125860539817,0.0017899000085890293
941,0.013225104932329399,0.0017802000511437654
942,0.013085037797963396,0.0017820000648498535
943,0.013067809492907126,0.0017933999188244343
944,0.01306320880838735,0.0017954001668840647
945,0.013069273787943335,0.0018747998401522636
946,0.013068322249482327,0.001833300106227398
947,0.01307017699484796,0.0018382999114692211
948,0.013093462957106127,0.001769899856299162
949,0.013153129779653439,0.0018056000117212534
950,0.013077559525586304,0.001806899905204773
951,0.01306507702226478,0.0018221000209450722
952,0.01307739432165358,0.0018105998169630766
953,0.013074689683919257,0.001955399988219142
954,0.013079204939872075,0.0018764000851660967
955,0.013068563343834322,0.0018009000923484564
956,0.013166826749679193,0.0017891000024974346
957,0.013078526906375032,0.0017828000709414482
958,0.013069140033326914,0.0018098000437021255
959,0.013076780834424451,0.0018154000863432884
960,0.013070306638613171,0.001845500199124217
961,0.013135797461062434,0.0018427998293191195
962,0.013084613095771124,0.0018754999618977308
963,0.01308413923959898,0.0018523000180721283
964,0.013079496128998638,0.0017990998458117247
965,0.013071031288886788,0.0017848999705165625
966,0.01308206165953081,0.0017880999948829412
967,0.013064078220506148,0.001827100059017539
968,0.013073899008153768,0.0018048000056296587
969,0.013070325926007494,0.0018193002324551344
970,0.01307341571378328,0.0018394000362604856
971,0.013063123659443048,0.0019108999986201525
972,0.013079210419975703,0.0018050998914986849
973,0.013063691789379139,0.0017786999233067036
974,0.013067168901726323,0.001787699991837144
975,0.013087872785330199,0.001786799868568778
976,0.013086467339577077,0.0018117001745849848
977,0.013075499074377477,0.0018099001608788967
978,0.013121049037494871,0.0017945999279618263
979,0.013114046296517214,0.0023700001183897257
980,0.013161752402659118,0.002285399939864874
981,0.013094485030341869,0.0018613000866025686
982,0.01308031082527462,0.0019060999620705843
983,0.013062648562637199,0.0018657001201063395
984,0.013072410919266917,0.0017995999660342932
985,0.013071160554609999,0.001816699979826808
986,0.01308994723736137,0.0018929000943899155
987,0.013079889637733906,0.0018476999830454588
988,0.013068394903705257,0.0022635001223534346
989,0.01310064620517185,0.001863999990746379
990,0.013068052619017336,0.0017917999066412449
991,0.013073822741292743,0.0018259999342262745
992,0.013068560388624133,0.0017966001760214567
993,0.013137558845342075,0.0017938998062163591
994,0.013069128736258892,0.0018001999706029892
995,0.013069771095909516,0.0017989000771194696
996,0.013069712489902168,0.0029710999224334955
997,0.013062611054666589,0.004154699854552746
998,0.01306448820131818,0.004063199972733855
999,0.013070706299544432,0.0018120999448001385
1000,0.013067882215039643,0.001801100093871355
