candidate,seed,optimizer,learning_rate,momentum,best_epoch,train_accuracy,validation_accuracy,validation_loss,validation_macro_f1,validation_recall_5,first_epoch_at_95_percent,run_directory,reused_from
adam_lr0.0003_m0,42,adam,0.0003,0,223,0.9994979919678715,0.9602249899558055,0.032614933466069085,0.9475778489252025,0.7962962962962963,37,seed_42_optimizer_0,
adam_lr0.001_m0,42,adam,0.001,0,81,0.9983935742971888,0.959019686621133,0.03349337685047494,0.9492530912439636,0.8333333333333334,18,seed_42_optimizer_1,
adam_lr0.003_m0,42,adam,0.003,0,500,0.9993975903614458,0.9614302932904781,0.032686417868945744,0.9473010180101777,0.7962962962962963,11,seed_42_optimizer_2,
adam_lr0.0003_m0,7,adam,0.0003,0,240,0.99929718875502,0.9658497388509442,0.02937328904475279,0.9530869793866121,0.8148148148148148,37,seed_7_optimizer_0,
adam_lr0.001_m0,7,adam,0.001,0,98,0.9991967871485944,0.9638408999598232,0.02995835810404247,0.9516580948701198,0.8333333333333334,16,seed_7_optimizer_1,
adam_lr0.003_m0,7,adam,0.003,0,221,0.9995983935742971,0.9642426677380475,0.03171784303880479,0.9537799496437418,0.8518518518518519,9,seed_7_optimizer_2,
adam_lr0.0003_m0,21,adam,0.0003,0,201,0.9988955823293173,0.9602249899558055,0.03275559815320916,0.9478915007043339,0.8148148148148148,44,seed_21_optimizer_0,
adam_lr0.001_m0,21,adam,0.001,0,433,0.9994979919678715,0.9618320610687023,0.03377454872287396,0.9535352807023924,0.8518518518518519,13,seed_21_optimizer_1,
adam_lr0.003_m0,21,adam,0.003,0,125,0.9988955823293173,0.9638408999598232,0.03051315682876882,0.9537338782436682,0.8333333333333334,8,seed_21_optimizer_2,
adam_lr0.0003_m0,84,adam,0.0003,0,344,0.9996987951807229,0.9622338288469264,0.03233358053224287,0.9530617843041023,0.8333333333333334,37,seed_84_optimizer_0,
adam_lr0.001_m0,84,adam,0.001,0,143,0.99929718875502,0.9646444355162715,0.03069355361351185,0.955215563280486,0.8333333333333334,17,seed_84_optimizer_1,
adam_lr0.003_m0,84,adam,0.003,0,432,0.9995983935742971,0.9638408999598232,0.03129402894825577,0.951734707273973,0.7962962962962963,8,seed_84_optimizer_2,
adam_lr0.0003_m0,123,adam,0.0003,0,186,0.9986947791164659,0.9642426677380475,0.031377528210532364,0.9530136550099182,0.8518518518518519,46,seed_123_optimizer_0,
adam_lr0.001_m0,123,adam,0.001,0,478,0.9995983935742971,0.9638408999598232,0.03197001606821583,0.952978570112372,0.8333333333333334,18,seed_123_optimizer_1,
adam_lr0.003_m0,123,adam,0.003,0,160,0.9987951807228915,0.9662515066291684,0.030146447814493153,0.9554636159339555,0.8518518518518519,8,seed_123_optimizer_2,
