variant,fold,epoch,validation_mae,validation_rmse,validation_bias
symmetric_1_1,1,1,0.2233418976560384,0.270540377652798,0.058812022558837954
symmetric_1_1,1,100,0.08090042143599621,0.10815070770567162,0.0037514954860058793
symmetric_1_1,1,200,0.07777254872746403,0.10653869956937143,0.004649129927675595
symmetric_1_1,1,300,0.07729691939928739,0.10648465665938918,0.0049063108587644585
symmetric_1_1,1,400,0.07717132313867958,0.10650715160479582,0.004957941303377794
symmetric_1_1,1,500,0.07713241906400592,0.10652170199601625,0.004983251562160865
symmetric_1_1,1,600,0.0771185534438805,0.10652690857927481,0.004993493546279909
symmetric_1_1,1,700,0.07711257177092933,0.10652858459882071,0.004982819186517665
symmetric_1_1,1,800,0.07711266583409049,0.10652979512058522,0.005005073404743626
symmetric_1_1,1,900,0.07711180835170715,0.1065305662618264,0.004992124918250618
symmetric_1_1,1,1000,0.07711127730461474,0.10653005168456386,0.005005093084065529
symmetric_1_1,2,1,0.23047536273589167,0.27714372257900505,0.07023127240549715
symmetric_1_1,2,100,0.08052795643730637,0.10602874329609448,0.00538860693965825
symmetric_1_1,2,200,0.07722286949032413,0.10422690017889441,0.005951629940307222
symmetric_1_1,2,300,0.07662548890354957,0.10412443357468903,0.006061631720300487
symmetric_1_1,2,400,0.07645841878395035,0.10413425387847798,0.006095524340738308
symmetric_1_1,2,500,0.07640361990666128,0.10414310475464954,0.006108215554408062
symmetric_1_1,2,600,0.07638504057021905,0.10414690944976325,0.006137340056588017
symmetric_1_1,2,700,0.07637596363139247,0.1041475500110754,0.006093555661100445
symmetric_1_1,2,800,0.07637279737384205,0.10414666469575813,0.0061143453444138214
symmetric_1_1,2,900,0.07637396128601726,0.10414917757447237,0.006117079758458295
symmetric_1_1,2,1000,0.07637291389850694,0.10414824363053313,0.006111245539110755
symmetric_1_1,3,1,0.23259218072894444,0.2769524169038835,0.0695406705542986
symmetric_1_1,3,100,0.08285869221785974,0.1072672799518346,0.009097897606223615
symmetric_1_1,3,200,0.07876003506528273,0.10436147754205863,0.009569745488861746
symmetric_1_1,3,300,0.07785235468718713,0.10392990128546037,0.009678139905965548
symmetric_1_1,3,400,0.07755988290645016,0.10383426375506645,0.009737254233619973
symmetric_1_1,3,500,0.07745135191504611,0.10380373144480369,0.009732571318747668
symmetric_1_1,3,600,0.07741273296329458,0.10379358974194168,0.009729569628866173
symmetric_1_1,3,700,0.0773980063211299,0.10379044904603169,0.00973743024265094
symmetric_1_1,3,800,0.07739068080137985,0.10378788108064706,0.009725000631775328
symmetric_1_1,3,900,0.07739121595206966,0.10378851812642508,0.009737630420700675
symmetric_1_1,3,1000,0.07738843710161361,0.10378844980000403,0.009726150782829322
symmetric_1_1,4,1,0.22819493415784226,0.273354004228635,0.06652087359942359
symmetric_1_1,4,100,0.08101638658953245,0.1077737469878611,-0.0023098132324771915
symmetric_1_1,4,200,0.07767604939332566,0.10544422136671368,-0.0020717624271063316
symmetric_1_1,4,300,0.07706144355242706,0.10516441618061281,-0.002005537081351408
symmetric_1_1,4,400,0.07688392973872832,0.10511562959317777,-0.001980597464675265
symmetric_1_1,4,500,0.07682284657910704,0.10510476998522239,-0.0019836953202264584
symmetric_1_1,4,600,0.07680140697632142,0.10510127293341943,-0.0019869983275972274
symmetric_1_1,4,700,0.07679300070711251,0.10509975898884262,-0.001979967228649655
symmetric_1_1,4,800,0.0767899712912024,0.1051000164766527,-0.001982962355232991
symmetric_1_1,4,900,0.07678811429935922,0.10509936332151673,-0.001981868246800798
symmetric_1_1,4,1000,0.07678853664375627,0.1050996951464969,-0.001979235399560016
symmetric_1_1,5,1,0.23183337186771655,0.2761871794334557,0.049959163253590434
symmetric_1_1,5,100,0.07897798758668476,0.10703605718699988,-0.00282752904331652
symmetric_1_1,5,200,0.07591954174754648,0.10491416555683537,-0.002132861655179294
symmetric_1_1,5,300,0.07544873603045782,0.10470025154328585,-0.0019166050933563956
symmetric_1_1,5,400,0.07532584398429604,0.10467538346708896,-0.0018735528815802527
symmetric_1_1,5,500,0.0752844562054999,0.10467224773640393,-0.0018375054908329877
symmetric_1_1,5,600,0.07526905076711096,0.10467189092653324,-0.0018551128101667513
symmetric_1_1,5,700,0.07526386474459747,0.10467233870529676,-0.0018390495135775357
symmetric_1_1,5,800,0.07526284081281533,0.10467010404939757,-0.0018245660495938404
symmetric_1_1,5,900,0.07526128536405399,0.10467055877635462,-0.0018296274973290897
symmetric_1_1,5,1000,0.07526195265632712,0.10467038185462194,-0.0018257077230139803
under_2_1,1,1,0.21813165373761426,0.26489383287124496,0.06675129364291602
under_2_1,1,100,0.083971281498142,0.11120348219291899,0.031011642874396898
under_2_1,1,200,0.08246573285337871,0.11098916321682305,0.03124236020370153
under_2_1,1,300,0.08228480054867272,0.11110497611357104,0.03136091029093428
under_2_1,1,400,0.08224013626564905,0.11113168211363102,0.03136695487776549
under_2_1,1,500,0.08223510610172555,0.11114354869013596,0.031378137358851255
under_2_1,1,600,0.08223317666790078,0.11114574035363468,0.0313832259397908
under_2_1,1,700,0.08222372266349622,0.11113848095533202,0.03135913830667416
under_2_1,1,800,0.08223376797825999,0.11114937868110451,0.031391502188815215
under_2_1,1,900,0.08223113689343177,0.11114581735986895,0.03137653235025258
under_2_1,1,1000,0.08223425764663657,0.11114856433325981,0.03139008694403449
under_2_1,2,1,0.225375041485992,0.27153975155410764,0.0775240968873264
under_2_1,2,100,0.08321681125406967,0.10906167961857201,0.032073071649401826
under_2_1,2,200,0.08142378385460071,0.1086872524915184,0.03208501337637559
under_2_1,2,300,0.08115730318785516,0.10874858446243568,0.032094791598631094
under_2_1,2,400,0.08110602825672517,0.10877691369563945,0.032114104677770566
under_2_1,2,500,0.0810933135172775,0.10878437964579396,0.03211372490086857
under_2_1,2,600,0.08109901570303071,0.10879787394830513,0.03215456899464935
under_2_1,2,700,0.0810812024213616,0.10877790794453805,0.03208959145218002
under_2_1,2,800,0.08108774965303472,0.10878588825067156,0.032120655039741056
under_2_1,2,900,0.08109048444091074,0.10878983126737898,0.03212537570705324
under_2_1,2,1000,0.08108729863069608,0.108785081753961,0.03211346691754654
under_2_1,3,1,0.22759976438546842,0.2712899868157922,0.07729300657033544
under_2_1,3,100,0.0855901697224886,0.11078396924984128,0.03648267818788048
under_2_1,3,200,0.0831511497243874,0.10962029059408986,0.036360134466760057
under_2_1,3,300,0.08274892471466416,0.10952663734079052,0.036350784752779586
under_2_1,3,400,0.08267710267522689,0.10953862954597263,0.03641781363067338
under_2_1,3,500,0.08263859480039099,0.10952182097659019,0.03638083574883813
under_2_1,3,600,0.08262900990258887,0.10951777227067337,0.036371815375527014
under_2_1,3,700,0.0826320789289954,0.10952414922424913,0.03638855808975278
under_2_1,3,800,0.08262791126117444,0.10951933476002688,0.03637703448823973
under_2_1,3,900,0.08263104498988554,0.10952224240959503,0.036383790127433875
under_2_1,3,1000,0.08262702684269638,0.10951949182063192,0.03637371925531512
under_2_1,4,1,0.22307409859350344,0.2677705315934565,0.07405437713613279
under_2_1,4,100,0.08160088819354218,0.1083128795567125,0.024584373930825725
under_2_1,4,200,0.07984541328353074,0.10743662861267686,0.024327928494601754
under_2_1,4,300,0.07961241594490093,0.1074044406982364,0.02432654786121834
under_2_1,4,400,0.07956517988297643,0.10741296866120373,0.02435851328230295
under_2_1,4,500,0.07954328829015761,0.10740716855446306,0.024329498503267388
under_2_1,4,600,0.07953991470464424,0.10740673202140241,0.02433111719870527
under_2_1,4,700,0.07954052381964653,0.10740882818857848,0.024338418262101362
under_2_1,4,800,0.07954023863432383,0.10740933127956377,0.024338132935634388
under_2_1,4,900,0.07953849346141073,0.1074084767176552,0.02433710571529636
under_2_1,4,1000,0.07954201816045633,0.1074115150501892,0.024346128514406852
under_2_1,5,1,0.22576254743042432,0.26958004450068473,0.058179548939230094
under_2_1,5,100,0.08035331176916205,0.10749707043266522,0.023347721842248547
under_2_1,5,200,0.07870585039739067,0.1069006102718169,0.023429253482179245
under_2_1,5,300,0.07852660164708168,0.10693590632381124,0.023532931753527848
under_2_1,5,400,0.0784795017015969,0.10694599940369179,0.023524753096448508
under_2_1,5,500,0.07847522039401886,0.10695768335649143,0.023550282601989846
under_2_1,5,600,0.07846215223470938,0.10694707720594697,0.02351038511515395
under_2_1,5,700,0.07846925926001645,0.10695539197033713,0.02353571590165555
under_2_1,5,800,0.07847435088985226,0.10696002140951853,0.023561034333615737
under_2_1,5,900,0.0784696340945616,0.10695568583893977,0.02354415577860711
under_2_1,5,1000,0.07847283121631343,0.10695804436217751,0.023553171639650407
under_4_1,1,1,0.2107802960754841,0.257167424887854,0.08060614558761765
under_4_1,1,100,0.09342979149457155,0.12251202307117057,0.05790397713177089
under_4_1,1,200,0.0928792038802518,0.12278191136500986,0.05811519274618464
under_4_1,1,300,0.092839235149567,0.12287421082299513,0.05816777396433301
under_4_1,1,400,0.09282366757874773,0.1228841702434855,0.05816736271836314
under_4_1,1,500,0.09282975979614971,0.12289430966788277,0.0581789843371385
under_4_1,1,600,0.09283036347798705,0.12289334026259177,0.05818142853596625
under_4_1,1,700,0.09281035392724318,0.12287399380057032,0.05814584328508847
under_4_1,1,800,0.09283486376420312,0.12290317338237598,0.05819688112306079
under_4_1,1,900,0.09282849470232954,0.12289490581567837,0.0581782798888219
under_4_1,1,1000,0.09283308719743388,0.1228973362025504,0.058187536843693974
under_4_1,2,1,0.21819482487408473,0.2637465999467967,0.09036467734574465
under_4_1,2,100,0.09201891020119285,0.12037879383998394,0.05868027214712854
under_4_1,2,200,0.09133920736150289,0.12053161852002627,0.058754360042064566
under_4_1,2,300,0.09124997602773806,0.1205677622016212,0.05871907532440703
under_4_1,2,400,0.09125053834115236,0.12059285029442501,0.05874629751917077
under_4_1,2,500,0.09124699033171466,0.12059216678061314,0.0587360380688633
under_4_1,2,600,0.09126966467822373,0.12062338592145626,0.05879500817710293
under_4_1,2,700,0.09122799973875567,0.12057320188455846,0.05870347059602672
under_4_1,2,800,0.09125045718429366,0.1206003015878464,0.05875639103138265
under_4_1,2,900,0.09125501669100608,0.12060650429032539,0.05876257253393031
under_4_1,2,1000,0.09124663210139933,0.12059436431807424,0.05874261528312534
under_4_1,3,1,0.22069766036458213,0.263581374169183,0.09095754342821338
under_4_1,3,100,0.0949218349625001,0.12286293456497878,0.06369709082410792
under_4_1,3,200,0.09382773441389637,0.12252889906816286,0.06364467596509
under_4_1,3,300,0.09365133851965068,0.12250786789174115,0.06360842232752208
under_4_1,3,400,0.09368513367035473,0.12258316073958023,0.06373248891257606
under_4_1,3,500,0.09363807555387785,0.12253516517301064,0.06365182595454814
under_4_1,3,600,0.09362933466109685,0.12252650917794712,0.06363822109792881
under_4_1,3,700,0.09364955299175108,0.12255094274151125,0.06367790494262335
under_4_1,3,800,0.09364608572646557,0.12254544695697578,0.0636704277507963
under_4_1,3,900,0.09364338116711285,0.12254188819754672,0.06366274902117586
under_4_1,3,1000,0.09364070733657176,0.1225400345507386,0.0636595367459808
under_4_1,4,1,0.2158995546219065,0.260126729008879,0.0872467540339223
under_4_1,4,100,0.08947576320571776,0.11750646192801299,0.05129535849499555
under_4_1,4,200,0.08856147570682947,0.11726189133056668,0.05116684382163004
under_4_1,4,300,0.08846181565475339,0.11727791228817391,0.0511662510881067
under_4_1,4,400,0.08847841161941546,0.11731622346283328,0.051236177882321064
under_4_1,4,500,0.08844389352237092,0.11728421376214027,0.05116696724431142
under_4_1,4,600,0.08845031715554319,0.11728888248270113,0.051180232396616725
under_4_1,4,700,0.08845209421859875,0.11729241510657308,0.05118612488000994
under_4_1,4,800,0.08845577981140161,0.11729538664985689,0.05119119457398774
under_4_1,4,900,0.08844790575751385,0.11729162449858335,0.05118436217170527
under_4_1,4,1000,0.08846229451439527,0.117305203161392,0.0512096146729834
under_4_1,5,1,0.2170309828402066,0.2603144419294982,0.07240106506171938
under_4_1,5,100,0.08797881669094561,0.11638850282699971,0.049255113832269236
under_4_1,5,200,0.08736548637784483,0.11638184304662619,0.04930884773314375
under_4_1,5,300,0.0873280812568911,0.11646477624999071,0.0494088916750257
under_4_1,5,400,0.08730018456612246,0.11645690715242943,0.04937796251478236
under_4_1,5,500,0.08731155152236003,0.1164753738881957,0.0494073390768055
under_4_1,5,600,0.08727802976327607,0.1164371218921773,0.04933572307978538
under_4_1,5,700,0.08730259882919214,0.11646526001376842,0.04938637754576832
under_4_1,5,800,0.08732175367069078,0.11648652473701122,0.04943212251342798
under_4_1,5,900,0.08730609523828815,0.1164683997546484,0.04939720872803794
under_4_1,5,1000,0.08731182032218142,0.11647450169918562,0.049409512665960796
over_2_1,1,1,0.2092379409681686,0.2532017013949467,0.04106629596777547
over_2_1,1,100,0.07989420600884108,0.11079429808967284,-0.02208194900994594
over_2_1,1,200,0.07795323888131638,0.10977106301556766,-0.021071141448398816
over_2_1,1,300,0.07769214729165254,0.10969754139058752,-0.020901071647431182
over_2_1,1,400,0.07764628367142233,0.10969536687765764,-0.020903314369953834
over_2_1,1,500,0.07763473075435394,0.10969208001753161,-0.020889156140749807
over_2_1,1,600,0.07763372516129131,0.1096938592443998,-0.020894371873709395
over_2_1,1,700,0.07763278348632177,0.10969441108457448,-0.020898305702369703
over_2_1,1,800,0.07763044516237048,0.10968913568123964,-0.020878969089201872
over_2_1,1,900,0.07763313786446017,0.10969342525267961,-0.02089109854594887
over_2_1,1,1000,0.07762908637911367,0.10968731656068739,-0.020872513551444934
over_2_1,2,1,0.2156832981370541,0.2591499452748884,0.0515367797145593
over_2_1,2,100,0.07891579683511774,0.1084200750972541,-0.020196441619400124
over_2_1,2,200,0.07711465594847398,0.1073257478732039,-0.019385679455058247
over_2_1,2,300,0.07684121741649028,0.10724950095273127,-0.01930918866528002
over_2_1,2,400,0.0767880521360856,0.1072383819585768,-0.019289625604032464
over_2_1,2,500,0.07677632847510388,0.10723507649232651,-0.01928113758655844
over_2_1,2,600,0.07676808047411934,0.10722331727746705,-0.01924236458465427
over_2_1,2,700,0.07677685799515618,0.10724305279813229,-0.01930984142710029
over_2_1,2,800,0.07676980619568873,0.1072318520701627,-0.0192812135030099
over_2_1,2,900,0.07677332114177203,0.10723560247193052,-0.01928150315849842
over_2_1,2,1000,0.0767719581906406,0.10723389591848152,-0.01927979379731542
over_2_1,3,1,0.21709485745578347,0.2587195055636379,0.05091473175442551
over_2_1,3,100,0.0810542445273756,0.10823852080185437,-0.01712830059098267
over_2_1,3,200,0.07860902558050772,0.10637593466854703,-0.016313758474507674
over_2_1,3,300,0.0781796869430256,0.1061418370194874,-0.016221190174292494
over_2_1,3,400,0.07807902489550662,0.10608760459823029,-0.016176073968516717
over_2_1,3,500,0.07805480695122105,0.1060788024764185,-0.01618567322077158
over_2_1,3,600,0.07805056669400424,0.10607819783167796,-0.01619202756631473
over_2_1,3,700,0.07804689758004998,0.10607412551970735,-0.016177838803174305
over_2_1,3,800,0.07804827759674254,0.10607756767959556,-0.01619430102562088
over_2_1,3,900,0.07804888007212334,0.10607515512194492,-0.016181927916919768
over_2_1,3,1000,0.07804863062233848,0.10607859047426633,-0.016192601750938604
over_2_1,4,1,0.21324202611920198,0.25516037239319095,0.04790671091765386
over_2_1,4,100,0.08209168473362793,0.11204463125662534,-0.02826528698499111
over_2_1,4,200,0.08015907875342847,0.11062999634366256,-0.027649222910697317
over_2_1,4,300,0.07985713450239533,0.1104830928094059,-0.027576285768640504
over_2_1,4,400,0.07978633824588936,0.11045169113396218,-0.027545872785260297
over_2_1,4,500,0.07976895065786851,0.11044559504151454,-0.027542990278459408
over_2_1,4,600,0.0797703079635689,0.11045124964286887,-0.027562690305212318
over_2_1,4,700,0.0797670023539188,0.11044712730410602,-0.027552901782824914
over_2_1,4,800,0.07976632187560395,0.11044816932410934,-0.027554158427375464
over_2_1,4,900,0.07976534089054828,0.11044666048819617,-0.02755249531985616
over_2_1,4,1000,0.07976645949350276,0.11044727563693744,-0.027551363859223008
over_2_1,5,1,0.21715701069635432,0.2583768895090149,0.03269424723169685
over_2_1,5,100,0.07946241960909367,0.11129038367155608,-0.027707878588017532
over_2_1,5,200,0.07766776696538466,0.10992863420744058,-0.026821617774127168
over_2_1,5,300,0.07742039548933145,0.10977669577993195,-0.026663005321662093
over_2_1,5,400,0.07737329811360945,0.10975983145248946,-0.026658300550169996
over_2_1,5,500,0.07735950444999222,0.1097486737461715,-0.026631207249031993
over_2_1,5,600,0.0773626359507438,0.10975911143473531,-0.026668894381486213
over_2_1,5,700,0.07735945966154135,0.10975420520033878,-0.0266488214230442
over_2_1,5,800,0.07735493928738688,0.10974283571495434,-0.026623473867536853
over_2_1,5,900,0.07735568050848081,0.10974554342275124,-0.026628846145296606
over_2_1,5,1000,0.0773566150246294,0.1097469297830439,-0.026633102562478222
over_4_1,1,1,0.1880504993437009,0.22747494026774032,0.011422566992380498
over_4_1,1,100,0.08547811220186381,0.12038677437379615,-0.04670790594592279
over_4_1,1,200,0.08438966806700596,0.11963103123601879,-0.04595888258425098
over_4_1,1,300,0.08427277676074982,0.1195580990837968,-0.045861432498695044
over_4_1,1,400,0.0842752622934323,0.11957462938278199,-0.04590102981821423
over_4_1,1,500,0.08426373593278429,0.11956046525592377,-0.045875215569300146
over_4_1,1,600,0.08427274504774943,0.11957353864740776,-0.04589835087229852
over_4_1,1,700,0.08426787034822229,0.119567797706698,-0.04588881594510393
over_4_1,1,800,0.08426612332747534,0.11956346305184848,-0.04588022748784651
over_4_1,1,900,0.08426791378279716,0.11956569403141085,-0.04588306897632251
over_4_1,1,1000,0.08425694911807807,0.11955096538901798,-0.045857071557014406
over_4_1,2,1,0.1929233992092655,0.23211759485760097,0.02028761064334787
over_4_1,2,100,0.08346941398885929,0.11791197546571593,-0.04461690195031819
over_4_1,2,200,0.08249012848413943,0.11710875476866046,-0.0439570327589662
over_4_1,2,300,0.08240665066026769,0.11705603778410201,-0.043925823202394874
over_4_1,2,400,0.08239586238447354,0.11704923609546278,-0.043919025954582365
over_4_1,2,500,0.08239140810912268,0.11704367422643824,-0.0439084934571852
over_4_1,2,600,0.0823710529520631,0.1170127319312575,-0.04385274055196508
over_4_1,2,700,0.08240462312992745,0.11706321027707663,-0.04394512104509224
over_4_1,2,800,0.08238876843145274,0.1170401401256999,-0.04391000588443018
over_4_1,2,900,0.08239518291009734,0.11704955764086641,-0.04391779968420989
over_4_1,2,1000,0.08238860062963556,0.11704035281526425,-0.043903212763130875
over_4_1,3,1,0.19362865333617477,0.2316711441314876,0.01998044218085523
over_4_1,3,100,0.08494379882314308,0.11678805751736092,-0.041985752795581255
over_4_1,3,200,0.08371046969823547,0.11556686274238062,-0.04130602448055916
over_4_1,3,300,0.08357744735218284,0.11544628965230008,-0.041246033141108786
over_4_1,3,400,0.08355138012121899,0.1154173875063369,-0.041214123063108656
over_4_1,3,500,0.08354800598704173,0.11541582906904496,-0.04121611276207691
over_4_1,3,600,0.08355213671918009,0.11542092538373919,-0.041225552703458485
over_4_1,3,700,0.08354406538177504,0.11540908609057604,-0.04120260746641168
over_4_1,3,800,0.08355068624061775,0.11541945172474966,-0.04122411271643213
over_4_1,3,900,0.08354879834838252,0.1154136475865151,-0.04121127119960666
over_4_1,3,1000,0.0835484623853077,0.11541727132894247,-0.04121688532118198
over_4_1,4,1,0.19034114982788997,0.22797720275095001,0.016729295389737223
over_4_1,4,100,0.08848931533986515,0.12293521484929815,-0.05278407620854398
over_4_1,4,200,0.08741852955124697,0.12204837674880918,-0.05228711220913695
over_4_1,4,300,0.08731315794523505,0.12196205230493282,-0.0522302371955322
over_4_1,4,400,0.08728956528651291,0.12193586892640026,-0.05219416206514999
over_4_1,4,500,0.08727663263786367,0.12192013207790595,-0.05216919996122488
over_4_1,4,600,0.08729818607468613,0.12195003792331442,-0.05222125826384026
over_4_1,4,700,0.08729056475006064,0.1219390669989763,-0.05220401660516728
over_4_1,4,800,0.08728722780891587,0.12193639858702549,-0.05219755919714154
over_4_1,4,900,0.08728680346660345,0.12193630179386226,-0.05219939710274439
over_4_1,4,1000,0.08729007109476106,0.12193886039680393,-0.052201406139735694
over_4_1,5,1,0.19491076681711172,0.23212500050011642,0.003874629751816632
over_4_1,5,100,0.08563031004305648,0.12190567206737415,-0.051388521041526164
over_4_1,5,200,0.08452748381779542,0.12101738129254595,-0.050783984492041793
over_4_1,5,300,0.08440185075663854,0.12091876292115947,-0.050696550938317625
over_4_1,5,400,0.084396431860529,0.12092577010386976,-0.05071705240030071
over_4_1,5,500,0.08438574398337789,0.12091007646001832,-0.050688190406756616
over_4_1,5,600,0.08440509373783803,0.12093917397693646,-0.05074214329606912
over_4_1,5,700,0.08439528132444363,0.12092640496626282,-0.05071483369501956
over_4_1,5,800,0.08437913941482111,0.12089711988564285,-0.05067096743450416
over_4_1,5,900,0.08438091509201204,0.1209013694913284,-0.05067584764441068
over_4_1,5,1000,0.0843872382808172,0.12091107563923963,-0.050692528952682246
