hidden_layers,width,seed,architecture,parameters,epochs_ran,best_epoch,validation_accuracy,validation_loss,validation_macro_f1,validation_recall_5,run_directory
1,64,42,784-64-10,50890,154,153,0.9618320610687024,0.0339292849774255,0.9486714361957524,0.8148148148148148,depth_01/seed_42
1,64,7,784-64-10,50890,105,65,0.9598232221775812,0.0365801043144951,0.9482468016194568,0.8148148148148148,depth_01/seed_7
1,64,21,784-64-10,50890,106,66,0.9606267577340296,0.0354272412927955,0.9500531778062756,0.8333333333333334,depth_01/seed_21
2,64,42,784-64-64-10,55050,76,54,0.9622338288469264,0.0324261734326838,0.9522362273510868,0.8333333333333334,depth_02/seed_42
2,64,7,784-64-64-10,55050,156,116,0.9618320610687024,0.0330171352596547,0.950501785879768,0.7962962962962963,depth_02/seed_7
2,64,21,784-64-64-10,55050,79,79,0.9618320610687024,0.0316121366370527,0.951175708980458,0.8333333333333334,depth_02/seed_21
3,64,42,784-64-64-64-10,59210,70,69,0.961430293290478,0.0307267941164376,0.9470340414265108,0.8148148148148148,depth_03/seed_42
3,64,7,784-64-64-64-10,59210,100,70,0.961430293290478,0.0312308700010371,0.9480413330551042,0.7962962962962963,depth_03/seed_7
3,64,21,784-64-64-64-10,59210,109,71,0.961028525512254,0.0317214101241058,0.9465936172874936,0.7777777777777778,depth_03/seed_21
4,64,42,784-64-64-64-64-10,63370,83,47,0.9626355966251506,0.031498669245637406,0.9508656090686503,0.8148148148148148,depth_04/seed_42
4,64,7,784-64-64-64-64-10,63370,79,39,0.9614302932904781,0.03090851013235882,0.9469459664935529,0.7777777777777778,depth_04/seed_7
4,64,21,784-64-64-64-64-10,63370,132,92,0.9646444355162715,0.030585813486205003,0.9500705595282173,0.8148148148148148,depth_04/seed_21
5,64,42,784-64-64-64-64-64-10,67530,101,61,0.96544797107272,0.028826151560230384,0.9538046473786864,0.7962962962962963,depth_05/seed_42
5,64,7,784-64-64-64-64-64-10,67530,90,65,0.9638408999598232,0.02900075353960238,0.9512776605278364,0.8148148148148148,depth_05/seed_7
5,64,21,784-64-64-64-64-64-10,67530,74,36,0.9614302932904781,0.03233732667845023,0.9486810606552404,0.7962962962962963,depth_05/seed_21
6,64,42,784-64-64-64-64-64-64-10,71690,85,73,0.9638408999598232,0.030637865468718897,0.9476350296276296,0.7962962962962963,depth_06/seed_42
6,64,7,784-64-64-64-64-64-64-10,71690,84,66,0.9618320610687023,0.031383019072325456,0.9501324031754154,0.8148148148148148,depth_06/seed_7
6,64,21,784-64-64-64-64-64-64-10,71690,93,53,0.9638408999598232,0.03044511389931202,0.9502595387463464,0.7962962962962963,depth_06/seed_21
7,64,42,784-64-64-64-64-64-64-64-10,75850,88,62,0.9718762555243069,0.025429370758648588,0.9643978599000906,0.8518518518518519,depth_07/seed_42
7,64,7,784-64-64-64-64-64-64-64-10,75850,135,95,0.9650462032944958,0.031466346833373716,0.9527327663500957,0.7962962962962963,depth_07/seed_7
7,64,21,784-64-64-64-64-64-64-64-10,75850,70,62,0.9610285255122539,0.03217543215455281,0.9494234514439869,0.8518518518518519,depth_07/seed_21
8,64,42,784-64-64-64-64-64-64-64-64-10,80010,83,75,0.9650462032944958,0.029663213060709133,0.9547971185667647,0.8333333333333334,depth_08/seed_42
8,64,7,784-64-64-64-64-64-64-64-64-10,80010,125,89,0.9694656488549618,0.026503422970080202,0.9585745956507448,0.8148148148148148,depth_08/seed_7
8,64,21,784-64-64-64-64-64-64-64-64-10,80010,81,66,0.9642426677380475,0.030771437925196106,0.953416437908986,0.8333333333333334,depth_08/seed_21
