architecture,parameters,learning_rate,seed,epochs_ran,best_epoch,train_accuracy,validation_accuracy,validation_loss,validation_macro_f1,validation_recall_5,run_directory
784-32-32-10,26506,0.1,42,62,33,0.9853413654618474,0.9513860988348735,0.041824985572084354,0.9366549943037512,0.7592592592592593,run_00_seed_42
784-32-32-10,26506,0.1,7,117,77,0.9904618473895582,0.9493772599437525,0.0423554574368118,0.9334584210711593,0.7592592592592593,run_01_seed_7
784-32-32-10,26506,0.1,21,90,50,0.9890562248995984,0.954600241060667,0.038372553931176896,0.9410796687683681,0.7592592592592593,run_02_seed_21
784-64-64-10,55050,0.1,42,76,54,0.9928714859437751,0.9622338288469264,0.03242617343268386,0.9522362273510867,0.8333333333333334,run_03_seed_42
784-64-64-10,55050,0.1,7,156,116,0.9957831325301205,0.9618320610687023,0.0330171352596547,0.9505017858797681,0.7962962962962963,run_04_seed_7
784-64-64-10,55050,0.1,21,79,79,0.995281124497992,0.9618320610687023,0.03161213663705275,0.9511757089804581,0.8333333333333334,run_05_seed_21
784-128-128-10,118282,0.1,42,98,94,0.9961847389558233,0.9626355966251506,0.030295066830868328,0.9523553069843886,0.8148148148148148,run_06_seed_42
784-128-128-10,118282,0.1,7,108,107,0.9959839357429718,0.9650462032944958,0.028096322083155763,0.9551641190922828,0.8518518518518519,run_07_seed_7
784-128-128-10,118282,0.1,21,139,99,0.9963855421686747,0.9670550421856167,0.028358320033358295,0.9566285859634218,0.8333333333333334,run_08_seed_21
