activation,seed,best_epoch,train_accuracy,validation_accuracy,validation_loss,validation_macro_f1,validation_recall_5
sigmoid,42,443,0.994578313253012,0.9682603455202893,0.027304977539724096,0.9550084179761531,0.7962962962962963
sigmoid,7,489,0.9953815261044177,0.9642426677380475,0.02958714563155702,0.9533605952836636,0.8333333333333334
sigmoid,21,389,0.9950803212851406,0.9642426677380475,0.03026842261959825,0.9534926371595515,0.7962962962962963
sigmoid,84,446,0.9936746987951808,0.9622338288469264,0.031320850255632804,0.9487504255511815,0.7962962962962963
sigmoid,123,243,0.9912650602409638,0.96544797107272,0.031441239236225944,0.9551967178872215,0.8333333333333334
relu,42,124,0.9911646586345382,0.9614302932904781,0.03507510204247982,0.9487154203392996,0.8333333333333334
relu,7,490,0.8661646586345382,0.8425070309361189,0.09562673517645866,0.790712471433353,0.7592592592592593
relu,21,484,0.993574297188755,0.9642426677380475,0.0358792839349181,0.9510172284432689,0.7777777777777778
relu,84,443,0.7404618473895582,0.7175572519083969,0.15656730348347808,0.6103934133102261,0.8148148148148148
relu,123,483,0.9946787148594377,0.9638408999598232,0.03219238188637726,0.9525331383974146,0.8518518518518519
tanh,42,76,0.9958835341365462,0.963439132181599,0.0319337820910667,0.9520373387732772,0.7962962962962963
tanh,7,41,0.9922690763052208,0.9626355966251506,0.0323296898455748,0.9508659163125106,0.8518518518518519
tanh,21,33,0.9894578313253012,0.961430293290478,0.0331850163312251,0.9503968376068184,0.8148148148148148
tanh,84,291,0.997289156626506,0.963439132181599,0.0316991736975331,0.951151354525738,0.8333333333333334
tanh,123,316,0.9971887550200804,0.9622338288469264,0.0297140160267597,0.950323341676984,0.7962962962962963
