step,seed,best_epoch,train_accuracy,validation_accuracy,validation_macro_f1,top_label_ece,mean_top_score_on_errors,error_fraction_top_score_ge_0_99
Referencia: sigmoide + MSE + momentum,42,106,0.9947859922178989,0.986734693877551,0.9827943184364507,0.007974308574182801,0.6787558654325644,0.03076923076923077
Referencia: sigmoide + MSE + momentum,7,133,0.995408560311284,0.9859183673469388,0.9823402990245762,0.005115529740188902,0.700632562253408,0.043478260869565216
Referencia: sigmoide + MSE + momentum,21,134,0.9955252918287938,0.9861224489795918,0.98144348216734,0.0041942595050838884,0.6715062911820074,0.029411764705882353
Referencia: sigmoide + MSE + momentum,11,130,0.9961867704280155,0.986734693877551,0.9823308952539751,0.005096345815124338,0.676377495754982,0.046153846153846156
Referencia: sigmoide + MSE + momentum,2025,140,0.9950972762645914,0.9875510204081632,0.9850381858258599,0.006397155020929623,0.7360190938433799,0.03278688524590164
+ softmax y entropía cruzada,42,116,0.9975875486381323,0.9877551020408163,0.9854536941549181,0.00448166037515828,0.7740877070841362,0.06666666666666667
+ softmax y entropía cruzada,7,148,0.9980544747081712,0.9881632653061224,0.9859463372467374,0.004153784455282907,0.8044697823268258,0.10344827586206896
+ softmax y entropía cruzada,21,123,0.9975097276264592,0.9879591836734694,0.9834559612423603,0.004713378458494441,0.7811079963590841,0.1016949152542373
+ softmax y entropía cruzada,11,140,0.9984824902723736,0.9871428571428571,0.9840324770740614,0.004946362076708711,0.7837332700508935,0.1111111111111111
+ softmax y entropía cruzada,2025,107,0.9970428015564202,0.9879591836734694,0.9846117938155936,0.0031503166936925316,0.7571145610511494,0.06779661016949153
