architecture,hidden_layers,parameters,seed,epochs_ran,validation_accuracy,validation_macro_f1,validation_loss,validation_recall_5,validation_recall_8,run_directory
784-64-10,1,50890,42,197,0.9738775510204082,0.967479435396337,0.0264971977590103,0.9936305732484076,0.9316239316239316,architecture_00/seed_42
784-64-10,1,50890,7,277,0.9767346938775512,0.9707029859485556,0.0247768382619763,0.9681528662420382,0.9316239316239316,architecture_00/seed_7
784-64-10,1,50890,21,142,0.9728571428571428,0.9664191436165884,0.0273008071027562,0.9681528662420382,0.9316239316239316,architecture_00/seed_21
784-64-32-10,2,52650,42,175,0.98,0.97456685159134,0.0173331164909272,0.9808917197452228,0.9316239316239316,architecture_01/seed_42
784-64-32-10,2,52650,7,264,0.9810204081632652,0.9765591282431044,0.0165077731018025,0.9745222929936306,0.9658119658119658,architecture_01/seed_7
784-64-32-10,2,52650,21,173,0.9812244897959184,0.975548291058852,0.0172743044993888,0.9745222929936306,0.9401709401709402,architecture_01/seed_21
784-128-128-10,2,118282,42,156,0.986734693877551,0.9827943184364508,0.0129390502548292,0.9808917197452228,0.9487179487179488,architecture_02/seed_42
784-128-128-10,2,118282,7,217,0.9875510204081632,0.9844236371653127,0.011220555422275026,0.9872611464968153,0.9572649572649573,architecture_02/seed_7
784-128-128-10,2,118282,21,184,0.9863265306122448,0.9818320791430388,0.011967561001063689,0.9872611464968153,0.9316239316239316,architecture_02/seed_21
784-64-64-64-10,3,59210,42,235,0.9828571428571429,0.9779254612818805,0.01408216518484176,0.9808917197452229,0.9316239316239316,architecture_03/seed_42
784-64-64-64-10,3,59210,7,234,0.9836734693877551,0.9779138733715358,0.014686354370410578,0.9745222929936306,0.9230769230769231,architecture_03/seed_7
784-64-64-64-10,3,59210,21,182,0.9822448979591837,0.9774461939897426,0.015593866374190744,0.9745222929936306,0.9487179487179487,architecture_03/seed_21
784-64-64-64-64-10,4,63370,42,124,0.9808163265306122,0.9752698044241473,0.015914604547648127,0.9808917197452229,0.9572649572649573,architecture_04/seed_42
784-64-64-64-64-10,4,63370,7,178,0.9824489795918367,0.9777523609697951,0.014460013965671599,0.9872611464968153,0.9572649572649573,architecture_04/seed_7
784-64-64-64-64-10,4,63370,21,144,0.9806122448979592,0.975168375080569,0.015527283692042869,0.9745222929936306,0.8974358974358975,architecture_04/seed_21
784-64-64-64-64-64-64-10,6,71690,42,128,0.980204081632653,0.9752073163737627,0.014973550341966511,0.9936305732484076,0.9829059829059829,architecture_05/seed_42
784-64-64-64-64-64-64-10,6,71690,7,268,0.9838775510204082,0.9787911272845475,0.012716165543950275,0.9745222929936306,0.9316239316239316,architecture_05/seed_7
784-64-64-64-64-64-64-10,6,71690,21,233,0.9842857142857143,0.9778098148386176,0.013412119805648165,0.9681528662420382,0.9316239316239316,architecture_05/seed_21
784-64-64-64-64-64-64-64-64-10,8,80010,42,181,0.9828571428571429,0.9779997510195502,0.013742779483597624,0.9808917197452229,0.9743589743589743,architecture_06/seed_42
784-64-64-64-64-64-64-64-64-10,8,80010,7,173,0.9820408163265306,0.9771519974167046,0.01448785114935547,0.9808917197452229,0.9401709401709402,architecture_06/seed_7
784-64-64-64-64-64-64-64-64-10,8,80010,21,146,0.9818367346938776,0.976029295172158,0.014483980676908212,0.9681528662420382,0.9401709401709402,architecture_06/seed_21
