label,pixel_mean_mean,pixel_mean_median,pixel_mean_std,pixel_mean_q1,pixel_mean_q3,pixel_std_mean,pixel_std_median,pixel_std_std,pixel_std_q1,pixel_std_q3,total_intensity_mean,total_intensity_median,total_intensity_std,total_intensity_q1,total_intensity_q3,foreground_mean_mean,foreground_mean_median,foreground_mean_std,foreground_mean_q1,foreground_mean_q3,active_pixels_mean,active_pixels_median,active_pixels_std,active_pixels_q1,active_pixels_q3,active_fraction_mean,active_fraction_median,active_fraction_std,active_fraction_q1,active_fraction_q3,strong_pixels_mean,strong_pixels_median,strong_pixels_std,strong_pixels_q1,strong_pixels_q3,strong_fraction_mean,strong_fraction_median,strong_fraction_std,strong_fraction_q1,strong_fraction_q3,bbox_width_mean,bbox_width_median,bbox_width_std,bbox_width_q1,bbox_width_q3,bbox_height_mean,bbox_height_median,bbox_height_std,bbox_height_q1,bbox_height_q3,bbox_area_mean,bbox_area_median,bbox_area_std,bbox_area_q1,bbox_area_q3,bbox_aspect_ratio_mean,bbox_aspect_ratio_median,bbox_aspect_ratio_std,bbox_aspect_ratio_q1,bbox_aspect_ratio_q3,density_within_bbox_mean,density_within_bbox_median,density_within_bbox_std,density_within_bbox_q1,density_within_bbox_q3,center_x_mean,center_x_median,center_x_std,center_x_q1,center_x_q3,center_y_mean,center_y_median,center_y_std,center_y_q1,center_y_q3,spread_x_mean,spread_x_median,spread_x_std,spread_x_q1,spread_x_q3,spread_y_mean,spread_y_median,spread_y_std,spread_y_q1,spread_y_q3,mass_left_fraction_mean,mass_left_fraction_median,mass_left_fraction_std,mass_left_fraction_q1,mass_left_fraction_q3,mass_top_fraction_mean,mass_top_fraction_median,mass_top_fraction_std,mass_top_fraction_q1,mass_top_fraction_q3,horizontal_symmetry_error_mean,horizontal_symmetry_error_median,horizontal_symmetry_error_std,horizontal_symmetry_error_q1,horizontal_symmetry_error_q3,vertical_symmetry_error_mean,vertical_symmetry_error_median,vertical_symmetry_error_std,vertical_symmetry_error_q1,vertical_symmetry_error_q3,horizontal_edge_variation_mean,horizontal_edge_variation_median,horizontal_edge_variation_std,horizontal_edge_variation_q1,horizontal_edge_variation_q3,vertical_edge_variation_mean,vertical_edge_variation_median,vertical_edge_variation_std,vertical_edge_variation_q1,vertical_edge_variation_q3
0,0.17331429,0.17194128,0.043431327,0.14350615,0.20059274,0.34251872,0.3460458,0.04074616,0.31688026,0.37088948,135.8784,134.80197,34.05016,112.50882,157.26471,0.7560064426072466,0.7597720409757528,0.0514746751249921,0.7255016031242678,0.7902703820448189,176.94256756756758,176.0,35.222830875784986,152.0,199.0,0.22569205046883617,0.22448979591836735,0.044927080198705414,0.19387755102040816,0.2538265306122449,137.48783783783784,137.0,34.168969045409504,114.0,159.0,0.17536714009928298,0.1747448979591837,0.04358286868036927,0.14540816326530612,0.20280612244897958,17.91418918918919,19.0,2.4442536586770367,16.0,20.0,19.48581081081081,20.0,1.2512879171776556,20.0,20.0,348.0,360.0,46.44844175768845,320.0,380.0,0.9275423889510578,0.95,0.17038580533365832,0.8,1.0,0.5094839121472248,0.5038690476190476,0.08003839028623269,0.453125,0.5611111111111111,14.012770177421306,14.017628075743618,0.2933682379906577,13.75650751791572,14.277990001363218,14.012548618789378,14.015957012339372,0.29419762581716075,13.752987976946994,14.265125777295145,5.010209252265898,5.170234329851372,0.7880661043486576,4.50157887467089,5.626542176981106,5.5584058106189635,5.643541222626444,0.4823694420570848,5.382864833058988,5.864547756780913,0.4787732,0.47836143,0.027575212,0.4598214,0.49669737,0.47963545,0.479118,0.023227269,0.4647429,0.49403682,0.17942527,0.17859143,0.054466825,0.14116146,0.22155613,0.17501567,0.17580032,0.05531792,0.13540415,0.21635655,0.085036,0.0864768,0.008988539,0.08069821,0.09048656,0.076371044,0.07843657,0.013338689,0.067434385,0.08664541
1,0.07670395,0.07386455,0.022305675,0.06065426,0.08897559,0.24176687,0.24084699,0.035708703,0.21649724,0.26442155,60.135895,57.909805,17.487648,47.55294,69.75687,0.7409647281790469,0.7445444443646599,0.05539011670478872,0.7043969125458689,0.7782837242208501,79.86706231454006,77.0,19.226710654403615,66.0,91.0,0.10187125295221947,0.09821428571428571,0.02452386563061685,0.08418367346938775,0.11607142857142858,60.779228486646886,59.0,18.000525741151503,48.0,71.0,0.07752452613092715,0.07525510204081633,0.022959854261672828,0.061224489795918366,0.09056122448979592,9.240356083086054,8.0,3.9827162058942225,6.0,12.0,19.99287833827893,20.0,0.13328157658719975,20.0,20.0,184.6646884272997,160.0,79.31317232723022,120.0,240.0,0.46242646676037275,0.4,0.20039278616557188,0.3,0.6,0.4927704740623019,0.4607142857142857,0.17752961498872008,0.35,0.6125,14.01721563316028,14.044962171354637,0.3040795101772868,13.740018044473583,14.297332454065744,13.969735887104811,13.933729777831308,0.29367727689771767,13.708680998834039,14.234165045922294,2.04235073440454,1.803363216460769,1.0385163725379887,1.193969504144671,2.69968315728397,5.549040285434073,5.541597620003868,0.20293646596406476,5.443622480995615,5.644109055330292,0.3860768,0.41363907,0.10014617,0.32487866,0.4625727,0.47380963,0.47476843,0.021172827,0.45886427,0.48857915,0.09971626,0.09429772,0.038511284,0.07294918,0.12544018,0.090823494,0.09071629,0.04659946,0.05384153,0.12439976,0.052275535,0.05234983,0.0020261984,0.05181035,0.052515823,0.023306116,0.021195143,0.010606017,0.015105301,0.029640004
2,0.14904198,0.14715387,0.037216976,0.124099635,0.17189376,0.32164028,0.32333684,0.038978096,0.29730433,0.34863132,116.848915,115.36864,29.17811,97.29411,134.76471,0.7470108112456024,0.7504520073622286,0.049908941435169926,0.7166136664313238,0.7811764924422554,154.13230355943585,153.0,31.701808488222216,134.0,173.0,0.1965973259686682,0.1951530612244898,0.040435980214569164,0.17091836734693877,0.22066326530612246,118.3747481531229,117.0,29.825916178622098,99.0,137.0,0.15098819917490167,0.14923469387755103,0.038043260431915936,0.12627551020408162,0.1747448979591837,18.11349899261249,19.0,2.3620286225777782,16.0,20.0,19.240429818670247,20.0,1.6784381590757014,20.0,20.0,347.0785762256548,360.0,47.0257293920384,320.0,400.0,0.9559550443542859,0.95,0.19834312329207346,0.8,1.0,0.4450369184465821,0.440625,0.07411159421532117,0.39285714285714285,0.4921052631578947,14.00272610235359,14.002307618539527,0.2894027103402241,13.756122964446643,14.250584720439342,13.998379166498735,13.999327067854917,0.2912218857547746,13.75172629622622,14.247822495964723,4.28732200800507,4.367498588651729,0.6816555446218845,3.844193105088257,4.768248510286202,5.685976907336603,5.81721173065045,0.7340156943443271,5.334723543034279,6.1642455960021545,0.44825777,0.44740173,0.039842084,0.42341584,0.47118887,0.40873423,0.40607777,0.046289995,0.3765205,0.4410756,0.15634157,0.15510204,0.034860704,0.13133253,0.17984194,0.18477449,0.18134253,0.048491023,0.15013006,0.21836734,0.06505503,0.064488016,0.010789078,0.05767196,0.07219628,0.08082293,0.081201375,0.014055789,0.07152194,0.090289444
3,0.14165238,0.1397459,0.039089743,0.11297269,0.165625,0.3131436,0.31605792,0.04188237,0.28418446,0.34252387,111.055466,109.56079,30.646358,88.57059,129.85,0.7367901047248206,0.7384302579995358,0.049554481913908745,0.7050550041776715,0.7693099427215655,148.20561357702348,148.0,33.99174057018866,123.0,170.0,0.18903777241967284,0.18877551020408162,0.043356811951771324,0.1568877551020408,0.21683673469387754,112.5476501305483,111.0,31.192388007153454,90.0,132.0,0.14355567618692386,0.14158163265306123,0.03978620919279778,0.11479591836734694,0.1683673469387755,16.157310704960835,16.0,2.919459713097172,14.0,18.25,19.884464751958223,20.0,0.5831009365612048,20.0,20.0,320.8355091383812,320.0,56.479162983135275,280.0,360.0,0.814733595559061,0.8,0.15894366585403902,0.7,0.9125,0.46410122159060824,0.459375,0.080020568216753,0.40714285714285714,0.5188701923076924,14.013745335575372,14.021984914595976,0.28368650584153676,13.771915090157842,14.25669103523451,13.990983652358162,13.975651258097932,0.2919331351846482,13.740441276104566,14.245369445576904,3.7727659182272917,3.7800923380081324,0.7598632690718138,3.225879886936254,4.363070817815996,6.030959488526493,6.074912569325386,0.3668697447497332,5.851675515961414,6.263158551204249,0.4193818,0.41985822,0.040060602,0.3931582,0.4457802,0.48948362,0.48977512,0.03646641,0.46459925,0.5133309,0.15044752,0.14660865,0.038512487,0.12128101,0.17605293,0.16127713,0.16065927,0.047274176,0.12807374,0.19363245,0.06210858,0.06150534,0.0065740035,0.05745928,0.065815955,0.084173396,0.08395581,0.01711744,0.072375245,0.09590206
4,0.12112063,0.117774606,0.031769592,0.096856244,0.14114772,0.2929899,0.29324514,0.038417574,0.26549682,0.3196046,94.95858,92.3353,24.90736,75.935295,110.659805,0.7277968374335565,0.7311011184907296,0.0501258271882891,0.6975847080661982,0.7616757801728251,128.28630136986303,126.0,27.16025507631355,108.0,146.0,0.1636304864411518,0.16071428571428573,0.03464318249529789,0.1377551020408163,0.18622448979591838,95.76712328767124,93.5,25.329342959270118,76.0,111.25,0.12215194296896842,0.11926020408163265,0.03230783540723229,0.09693877551020408,0.14190051020408162,16.204794520547946,16.0,2.9042011164840322,14.0,19.0,19.835616438356166,20.0,0.6929330659324628,20.0,20.0,320.8082191780822,320.0,55.374890951485135,280.0,360.0,0.8200395884233197,0.8,0.16341659902985328,0.7,0.95,0.4027946481902465,0.4,0.06645343865900442,0.3575,0.44458333333333333,14.006657047103303,13.994157523108738,0.2904922100884276,13.756536276943763,14.267777719973783,14.000439436266097,13.999006494987182,0.28519407060295454,13.757065910149986,14.24210766166107,4.099003067198854,4.0887816926576015,0.857522871877986,3.467495522102316,4.707049913626269,4.579167525127009,4.61244288823878,0.34127970305627375,4.410228092883408,4.789137118033039,0.4408483,0.43945873,0.060886987,0.3961866,0.4847867,0.43970713,0.43367773,0.04888509,0.40554535,0.4652728,0.12584807,0.12362445,0.029285524,0.10547719,0.14388007,0.14056173,0.13837534,0.035694048,0.11528861,0.16505603,0.073239796,0.07305218,0.0068568345,0.06928883,0.07752879,0.053890802,0.05337172,0.012734821,0.043860875,0.0630304
5,0.12828156,0.12328931,0.03633185,0.10281864,0.15060024,0.29752508,0.29748902,0.041607536,0.2698068,0.32552227,100.572754,96.65882,28.48417,80.60981,118.07059,0.7172151281341528,0.7205960693359375,0.048519702878483825,0.6808433120562678,0.752064127550781,137.6309963099631,136.0,32.09136838090962,114.0,158.0,0.17554974019127945,0.17346938775510204,0.040932867832792874,0.14540816326530612,0.20153061224489796,101.88929889298893,99.0,28.94430660876477,80.5,119.0,0.12996084042473077,0.12627551020408162,0.03691875842954688,0.10267857142857142,0.15178571428571427,18.011070110701105,19.0,2.4817607173193066,16.0,20.0,18.944649446494466,20.0,1.9246642243926857,18.0,20.0,339.11439114391146,360.0,47.53896857177971,320.0,380.0,0.970150613491982,0.95,0.22023559932095493,0.8,1.1111111111111112,0.40694757067688564,0.4,0.08073200098833881,0.3473611111111111,0.45406250000000004,13.991976966898976,13.9930034156386,0.2855730726901753,13.753798478089461,14.243434265579253,14.001756999667267,14.002546235379723,0.292039250455754,13.747906118208713,14.26785547154049,4.180399038198477,4.309107641521277,0.6263375286780102,3.793515929116243,4.634536464985612,5.685111259529628,5.84662998122999,0.6782746335530662,5.334447505263196,6.1414003571660745,0.47373348,0.47412896,0.041022573,0.4514742,0.49504852,0.4909602,0.4915811,0.044121612,0.46346596,0.51980585,0.15067083,0.14918968,0.034187593,0.12747099,0.17478493,0.17111878,0.1702681,0.04124236,0.13751,0.19744396,0.05779921,0.057817202,0.008927697,0.05238095,0.06423384,0.0846028,0.08246707,0.014888573,0.0746343,0.094423704
6,0.13646373,0.13253301,0.03696851,0.11139706,0.15809074,0.3091587,0.30952203,0.041186925,0.2843248,0.3367862,106.98758,103.90588,28.98331,87.3353,123.94314,0.7412531228814294,0.7439462088204764,0.05491502884108649,0.7077741649024265,0.7789355997102898,141.91751183231912,139.0,31.20793175395698,120.0,161.0,0.1810172344799989,0.17729591836734693,0.039806035400455346,0.15306122448979592,0.20535714285714285,108.46450304259635,106.0,29.346858142247566,88.0,126.0,0.13834758041147494,0.13520408163265307,0.03743221701817291,0.11224489795918367,0.16071428571428573,15.000676132521974,15.0,2.829264157416336,13.0,17.0,19.93103448275862,20.0,0.5195537257220117,20.0,20.0,298.6396213657877,300.0,55.118318534006626,260.0,340.0,0.754387382163869,0.75,0.15294659765821217,0.65,0.85,0.47748571152194,0.475,0.07117894736004038,0.42916666666666664,0.525,14.008299559423968,14.013842977910961,0.2865972168243437,13.758877469134449,14.255395953522573,14.002382887065272,14.000646048773657,0.2881195552198331,13.75293641514578,14.255031097198213,3.7324666800560875,3.6430889159313287,0.8562014139646044,3.128676621626133,4.23453421944931,5.164667898830468,5.164358267329981,0.37659248557402697,4.934635189518018,5.396117319673489,0.47835276,0.47838885,0.042185344,0.45023942,0.50766873,0.39338464,0.38966155,0.042469446,0.36087608,0.42315522,0.13879511,0.13531412,0.032063443,0.11561125,0.15906864,0.1561629,0.15499198,0.03616174,0.12952682,0.17949179,0.07268825,0.071293704,0.009807225,0.065815955,0.07843655,0.06600009,0.064685136,0.014714132,0.0556178,0.07533458
7,0.11482031,0.11228241,0.030337755,0.09304722,0.1336197,0.28796312,0.28874612,0.038189303,0.26184487,0.3144458,90.01913,88.02941,23.7848,72.94902,104.75784,0.7390528593270473,0.7407587270020497,0.05034090601305666,0.7065310766518232,0.7734473429151028,119.8544061302682,118.0,26.025949260050265,101.0,136.0,0.15287551802330127,0.15051020408163265,0.033196363852104914,0.1288265306122449,0.17346938775510204,90.88569604086845,89.0,23.943657768659573,73.0,105.0,0.11592563270518935,0.11352040816326531,0.03054037980696381,0.09311224489795919,0.13392857142857142,15.872924648786718,16.0,2.9162661589734102,14.0,18.0,19.833333333333332,20.0,0.7690083236980817,20.0,20.0,314.13409961685824,320.0,55.6273764346037,280.0,360.0,0.8040399122163709,0.8,0.16815250020492664,0.7,0.9,0.3844964914018062,0.38055555555555554,0.06543312397084548,0.33898809523809526,0.425,14.018926568547311,14.018123590375696,0.2875570177494949,13.769003264468235,14.269143458465111,14.008436800695954,14.00570058124227,0.2906040958371584,13.7642629816489,14.264657354035048,3.791532595576195,3.729966579357773,0.8656998303195027,3.1766334770884495,4.359099113903945,5.612419185495011,5.673549741192236,0.46393626780023034,5.388591227832044,5.921929275407415,0.40917692,0.41698515,0.06425238,0.36296004,0.45960015,0.54551846,0.55203986,0.047160126,0.52418345,0.5765218,0.13153116,0.12869647,0.032287337,0.109426275,0.15294868,0.1509359,0.14867447,0.036687776,0.12393206,0.17561525,0.059379566,0.05766677,0.006776645,0.054520696,0.06365546,0.0572857,0.056577448,0.012923636,0.04797178,0.066190735
9,0.12281241,0.11961785,0.032978043,0.09911715,0.14359495,0.29449144,0.29478383,0.039610818,0.26750678,0.32242233,96.28493,93.780396,25.854786,77.70785,112.57844,0.7296017863773379,0.7321323394775391,0.052033681355454955,0.6978828201253784,0.7668728943817268,129.6960322797579,127.0,28.252378818012478,109.0,147.0,0.16542861260173203,0.16198979591836735,0.0360361974719547,0.13903061224489796,0.1875,97.457969065232,95.0,26.38016816831434,79.0,114.0,0.12430863401177553,0.1211734693877551,0.0336481736840744,0.10076530612244898,0.14540816326530612,14.101546738399461,14.0,2.723664605745472,12.0,16.0,19.9778076664425,20.0,0.21433746079803112,20.0,20.0,281.5870880968393,280.0,53.67424845837755,240.0,320.0,0.7063197869669228,0.7,0.13939287997453367,0.6,0.8,0.46327387627164485,0.4607142857142857,0.06802378561272905,0.4153846153846154,0.5071428571428571,13.991509463157367,13.986330912403215,0.28388935640919705,13.751075295255536,14.23986416152449,14.007952966677838,14.010452356986697,0.28665771687671954,13.764080368543947,14.249947084225608,3.4703817260178957,3.3841926146071986,0.803568222698518,2.908768824244623,3.9196403811551725,5.125198999522903,5.117160628060419,0.28562921116453055,4.961093026899162,5.278345927465799,0.41891292,0.41759464,0.0488421,0.38383502,0.453684,0.49515045,0.48766962,0.04441083,0.46231127,0.5227154,0.12567331,0.12329932,0.032261465,0.102440976,0.1464836,0.13940322,0.1359944,0.033861604,0.11477091,0.16161965,0.07037409,0.06989314,0.0068986923,0.06564477,0.07454093,0.061673198,0.060763568,0.014495016,0.05085071,0.07100321
