validation_row,example_type,true_label,predicted_label,reference_label,comparison,predicted_score,reference_score,margin,example,gradient_top_10pct_mean,occlusion_largest_margin_drop
4866,correct,0,0,6,predicted_vs_runner_up,0.9999863134987307,0.0001618923839971477,0.9998244211147336,0,5.855513596662608e-05,0.07137788651905341
1894,correct,1,1,7,predicted_vs_runner_up,0.9999927282006593,0.0012263826276896698,0.9987663455729696,1,0.001035534378491182,0.42401933539662195
841,correct,2,2,6,predicted_vs_runner_up,0.9999903959921898,0.00012669478582638848,0.9998637012063634,2,7.575807227754075e-05,0.007474368500281492
6,correct,3,3,2,predicted_vs_runner_up,0.9999938733648016,0.0009862253682754128,0.9990076479965262,3,0.0005808195966048986,0.01989211002524316
1356,correct,4,4,1,predicted_vs_runner_up,0.9999985358698654,0.0002442781621228761,0.9997542577077425,4,8.681321941278999e-05,0.0007485051419574562
4520,correct,5,5,9,predicted_vs_runner_up,0.9999992844928874,7.26435882875845e-05,0.9999266409045998,5,7.686804625680178e-05,0.0030981807880730017
3411,correct,6,6,0,predicted_vs_runner_up,0.9999980772312653,0.0002590686192045053,0.9997390086120608,6,8.35414866307909e-05,0.0015455380100618532
3646,correct,7,7,3,predicted_vs_runner_up,0.9999989191171984,0.03475382733941472,0.9652450917777837,7,0.016468797858525952,0.2797182355890315
3831,correct,8,8,2,predicted_vs_runner_up,0.9999993529988888,0.00018596711833811602,0.9998133858805507,8,7.267929344150852e-05,1.778461103801194
3989,correct,9,9,3,predicted_vs_runner_up,0.9999766700321878,0.0001681570972259421,0.9998085129349619,9,7.646342901189513e-05,1.8465987082573476
778,error,0,6,0,predicted_vs_true,0.908070338525481,0.1592568345575075,0.7488135039679735,10,0.1470853327535365,1.544696755663332
1541,error,0,5,0,predicted_vs_true,0.5625038563795117,0.004912174554900102,0.5575916818246116,11,0.18385466268886125,0.521990243545988
1932,error,1,8,1,predicted_vs_true,0.9798137623115435,0.02248353156347289,0.9573302307480706,12,0.0338331948839098,1.2974010801830567
3474,error,1,2,1,predicted_vs_true,0.9953427226341206,0.039963132614073006,0.9553795900200476,13,0.030737027543863354,0.12423555277045206
820,error,2,7,2,predicted_vs_true,0.9990127565057952,0.00016352998935284193,0.9988492265164424,14,0.0011389376461446827,0.47006974357943154
1723,error,2,1,2,predicted_vs_true,0.9979350461545587,0.0004855594908621522,0.9974494866636966,15,0.002067731066938358,1.3004530326318045
434,error,3,2,3,predicted_vs_true,0.9300087244694472,0.09544772346758688,0.8345610010018603,16,0.1474867845420871,1.486773501926422
4257,error,3,8,3,predicted_vs_true,0.6034433939419391,0.11582743904743607,0.48761595489450305,17,0.19234783760844543,1.4406281457420658
1244,error,4,9,4,predicted_vs_true,0.9912639549889443,0.016270488036668144,0.9749934669522761,18,0.011741147204845155,0.9592666221655153
1744,error,4,6,4,predicted_vs_true,0.9742051163867654,0.06760584602325441,0.9065992703635111,19,0.17241824331583555,0.7013688210053781
3169,error,5,3,5,predicted_vs_true,0.9415619616877378,0.11345588056075308,0.8281060811269847,20,0.18932397662060452,1.5005834331345813
4085,error,5,6,5,predicted_vs_true,0.6849744964555894,0.36011450119049854,0.32485999526509085,21,0.24213191577039703,1.3247616276868164
3317,error,6,1,6,predicted_vs_true,0.9910380265086474,0.07430791038620134,0.916730116122446,22,0.11850842691996125,1.5712387045794238
444,error,7,1,7,predicted_vs_true,0.8559036036657856,0.0002850970116617372,0.8556185066541239,23,0.12795903417043897,0.8017292729332027
3396,error,7,2,7,predicted_vs_true,0.7161890803312754,0.10057785186532041,0.615611228465955,24,0.16868348074145245,1.353611952624607
4039,error,8,5,8,predicted_vs_true,0.9931792345824565,0.0011262782137819627,0.9920529563686745,25,0.006375240586104038,0.9937938966505176
3615,error,8,6,8,predicted_vs_true,0.9767756758735376,0.09477911638617563,0.881996559487362,26,0.10892156159513895,1.8498487745464325
1209,error,9,5,9,predicted_vs_true,0.9923229192229426,0.017249513491566344,0.9750734057313762,27,0.01951245798657574,0.9439340284409827
2386,error,9,0,9,predicted_vs_true,0.9161033100209177,0.0009845077308955502,0.9151188022900222,28,0.042987722572289715,0.6983059573336471
