fold,initialization,initial_train_rmse,initial_validation_rmse,final_train_mae,final_train_rmse,final_validation_mae,final_validation_rmse
1,random,0.3869584356114956,0.3854575534109741,0.07657035140872635,0.10411453753766027,0.07748725354347309,0.1066137429968839
1,guided,0.12017204289662309,0.12138830409866118,0.07638155570196893,0.10406236293241855,0.07727349375260296,0.1065886720476527
2,random,0.37846619846942686,0.3748664576343418,0.07692003424047424,0.10470970626753294,0.07721235621760644,0.1045991306808173
2,guided,0.12083086167773653,0.1205683213976841,0.07663533911237584,0.1046305935913704,0.076899713631475,0.10446520139518341
3,random,0.35315891522123155,0.35204539924662037,0.07679506547393215,0.10450261001060852,0.07629162704068616,0.10504470449384458
3,guided,0.12002128953510399,0.1200307166710101,0.07658738971344099,0.10445798587975552,0.07619218434378355,0.10501460044284243
4,random,0.4132114260714296,0.4101985839554372,0.07659867228284992,0.10486460696602332,0.07718609869121552,0.10357253785647028
4,guided,0.11922217426108336,0.11706891773933478,0.07645207945019102,0.10482915680286663,0.07699257292102384,0.10353641048058908
5,random,0.32117396338974835,0.3251563237581025,0.07693103198455624,0.10483028574509093,0.07613083822329418,0.10381149314164706
5,guided,0.11938803150840215,0.12106110184446112,0.07676490506361401,0.10479121680739427,0.07596794583661483,0.10377255259410603
