epoch,train_accuracy,validation_accuracy,validation_loss,validation_macro_f1
1,0.8782879377431907,0.8953061224489796,0.10892611852897208,0.8709515741521716
2,0.9047081712062257,0.9073469387755102,0.08997513297036167,0.8877453586491528
3,0.9273540856031128,0.926734693877551,0.07661766319538182,0.9095516408277382
4,0.9335408560311284,0.9310204081632653,0.07187055641773457,0.9168187389098289
5,0.9452140077821012,0.9342857142857143,0.0672876430494023,0.9143185283342662
6,0.9494552529182879,0.9414285714285714,0.059864725501185365,0.9285641752707902
7,0.9482879377431906,0.9422448979591836,0.06128347200168224,0.9267455399255027
8,0.9550194552529183,0.9491836734693877,0.0536308844532798,0.9393418799375359
9,0.9594941634241245,0.9559183673469388,0.05058235149836867,0.9459441456486142
10,0.95715953307393,0.9555102040816327,0.049837215028701774,0.9453020082833465
11,0.9591439688715954,0.9544897959183674,0.0509134594636002,0.9424700838652275
12,0.9628015564202335,0.9577551020408164,0.050735640175917654,0.94684943774588
13,0.9639299610894941,0.9573469387755102,0.04966301790462088,0.9471504319521771
14,0.9639688715953307,0.9577551020408164,0.04739470376925177,0.946549309877588
15,0.9605836575875486,0.9540816326530612,0.05018187245865063,0.9415586639247108
16,0.9646303501945526,0.9595918367346938,0.045816913648684995,0.9521872698263586
17,0.9616731517509728,0.9595918367346938,0.046922739282885866,0.9524134334523258
18,0.9670817120622568,0.9585714285714285,0.04549731834875162,0.9495314519539532
19,0.9657976653696498,0.9608163265306122,0.04480545594043739,0.9511809949132883
20,0.9649416342412451,0.9608163265306122,0.046583379294424375,0.9483598755226958
21,0.9687937743190661,0.9638775510204082,0.0431714669484356,0.9541338823345015
22,0.9690661478599222,0.9620408163265306,0.04535809532885852,0.9532051114003226
23,0.9670817120622568,0.9622448979591837,0.04562850179274834,0.953222201568984
24,0.967431906614786,0.9638775510204082,0.04415253903076578,0.9550434338534689
25,0.9684046692607003,0.9624489795918367,0.04485992776706814,0.9536696927388271
26,0.9714785992217899,0.9636734693877551,0.04344826363722222,0.9540527021286206
27,0.9652529182879377,0.9593877551020408,0.04732698122634408,0.9503157166464888
28,0.9693774319066147,0.9638775510204082,0.04373565291227164,0.9539968350994611
29,0.9689105058365759,0.9624489795918367,0.04509685520822378,0.9518525285713627
30,0.968171206225681,0.9630612244897959,0.0415623598209833,0.9562205526473418
31,0.9700389105058366,0.9626530612244898,0.04470117209001889,0.9517021852774874
32,0.9687937743190661,0.963469387755102,0.04278039413481168,0.95375968395771
33,0.9710505836575876,0.9653061224489796,0.04181893628470011,0.9579795604597822
34,0.9713618677042801,0.9630612244897959,0.043394107100318505,0.9540560664816512
35,0.9699610894941634,0.9612244897959183,0.04468557857712373,0.9497956656028936
36,0.9696108949416342,0.9646938775510204,0.044214292005821686,0.9563802864264055
37,0.9703501945525291,0.9667346938775511,0.042070399763277304,0.9586262715792755
38,0.9677821011673152,0.9655102040816327,0.04397386377404617,0.9580065509187596
39,0.9700778210116732,0.9673469387755103,0.04105262461943234,0.9605169567811371
40,0.9715953307392996,0.9651020408163266,0.04144898964031938,0.9563410540215914
41,0.9719844357976654,0.9673469387755103,0.040482458290820825,0.9594857201134577
42,0.9718287937743191,0.9659183673469388,0.04269427584694706,0.9551692036086882
43,0.971556420233463,0.9679591836734693,0.04165239549318084,0.9600821850827318
44,0.9720622568093386,0.9651020408163266,0.04282557773235685,0.9535336499393559
45,0.9711284046692606,0.9624489795918367,0.042291974746736655,0.9516524704584176
46,0.9731517509727626,0.9687755102040816,0.03861707266130895,0.9622061177072998
47,0.9718287937743191,0.9638775510204082,0.04224281841626794,0.954222043418199
48,0.9701167315175098,0.9642857142857143,0.043273631223377525,0.9545412877055434
49,0.9693774319066147,0.9669387755102041,0.04295165058314732,0.9586568887969186
50,0.9722568093385214,0.9655102040816327,0.04094589815056395,0.9566731701558068
51,0.9708949416342413,0.963469387755102,0.04229083265177091,0.9530463847982306
52,0.9717509727626459,0.9669387755102041,0.040929316276862915,0.9594784484592098
53,0.9707003891050584,0.9663265306122449,0.043907167715061424,0.9588117601726106
54,0.9722568093385214,0.9683673469387755,0.03881162383477967,0.9610465735485507
55,0.9709338521400778,0.9683673469387755,0.039086760899208026,0.9615009945299835
56,0.970544747081712,0.9655102040816327,0.04095829035955576,0.9579606821674735
57,0.9720622568093386,0.9651020408163266,0.040663839971047826,0.9571279555080189
58,0.9716342412451362,0.9648979591836735,0.04189875201772725,0.9524265215729939
59,0.969727626459144,0.9624489795918367,0.04560612290718096,0.9507637158601507
60,0.9706225680933852,0.9657142857142857,0.04280815269783046,0.9574109803057109
61,0.9709727626459144,0.9659183673469388,0.04163043561021698,0.9564773145378217
62,0.9724124513618677,0.966530612244898,0.04037353749106198,0.9579634092211764
63,0.972568093385214,0.9659183673469388,0.040768862757243514,0.9578706610651713
64,0.9682490272373541,0.9622448979591837,0.045510802630579966,0.9486471257909397
65,0.9701167315175098,0.9657142857142857,0.04244915498889232,0.9551477743934639
66,0.9710505836575876,0.9669387755102041,0.039742350801013404,0.9601449349427224
67,0.9733073929961089,0.970204081632653,0.038271579588411986,0.963187771658732
68,0.9739299610894941,0.9667346938775511,0.04183871439188837,0.9568700014087078
69,0.9720622568093386,0.9683673469387755,0.03999809017739593,0.958306448292514
70,0.9707392996108949,0.9618367346938775,0.04305725516094472,0.9495738652796429
71,0.9729571984435798,0.9685714285714285,0.03986866635124535,0.9600159773498633
72,0.9731517509727626,0.9683673469387755,0.039500427611979846,0.9589017846941326
73,0.971556420233463,0.9675510204081633,0.03857271091907205,0.9605917134177693
74,0.9667315175097276,0.9604081632653061,0.04668633472087481,0.9491160699501492
75,0.9693774319066147,0.9620408163265306,0.04234942541213315,0.9527514908358178
76,0.974124513618677,0.9675510204081633,0.03925778164889449,0.9584774426701717
77,0.9712062256809338,0.9667346938775511,0.04017663044052541,0.9605496923125753
78,0.9688715953307393,0.9624489795918367,0.045146686458024284,0.9501791116175828
79,0.9684435797665369,0.9657142857142857,0.041002680558887825,0.9602380662816759
80,0.9719844357976654,0.966530612244898,0.039311720557102754,0.9587370823618295
81,0.9733852140077821,0.9691836734693877,0.039482905662907596,0.9627987031450175
82,0.9670817120622568,0.9651020408163266,0.04022248006912614,0.9579305250915242
83,0.9723346303501945,0.9640816326530612,0.040002251455587015,0.9524125407802619
84,0.9706225680933852,0.9648979591836735,0.04088272098492351,0.9563408004405108
85,0.9733463035019455,0.9673469387755103,0.03841328116084735,0.9603647079825812
86,0.9676264591439688,0.9624489795918367,0.043968518454068614,0.9533283066771219
87,0.9723346303501945,0.9669387755102041,0.041719293605109224,0.9572828395963796
88,0.973035019455253,0.9653061224489796,0.04023552157156969,0.9541643979022609
89,0.971284046692607,0.9677551020408163,0.039313488697223814,0.9612515455768676
90,0.9719455252918288,0.9669387755102041,0.03889865176621703,0.9600553664190302
91,0.9669649805447471,0.9622448979591837,0.046043685686607355,0.9544783104969866
92,0.9693385214007783,0.9628571428571429,0.04425733945867848,0.955463583142252
93,0.9708949416342413,0.9612244897959183,0.04436958590978926,0.9493373468443849
94,0.9712062256809338,0.963469387755102,0.04536041610123804,0.9522658461710971
95,0.9692607003891051,0.9655102040816327,0.0398040190747727,0.9595824121854821
96,0.9709727626459144,0.9679591836734693,0.03922574876379194,0.9615666714791452
97,0.9707392996108949,0.9644897959183674,0.039972945856293435,0.956306580157473
98,0.9711284046692606,0.9653061224489796,0.04199440048870971,0.9567975516567403
99,0.9667704280155642,0.9655102040816327,0.04212023328055408,0.9580085791220702
100,0.9665758754863814,0.9555102040816327,0.04731380029761947,0.9419334811505917
101,0.9740077821011673,0.9685714285714285,0.038925685222293706,0.9622411736270717
102,0.9707003891050584,0.9673469387755103,0.04084953744132007,0.9585855499751575
103,0.9691050583657588,0.9624489795918367,0.04400981030921713,0.9497459603102625
104,0.9724902723735409,0.9659183673469388,0.04044831626425081,0.9548740861117002
105,0.9718287937743191,0.9681632653061224,0.03868821872450659,0.9604563490254561
106,0.9707003891050584,0.9659183673469388,0.040293940368438794,0.9590091610999014
107,0.9701556420233463,0.9681632653061224,0.039336446142714566,0.9591292101284878
108,0.9698054474708171,0.9644897959183674,0.042888013604609934,0.9563995096679644
109,0.9726848249027238,0.9673469387755103,0.03903117948604438,0.9606268435171273
110,0.9694941634241245,0.963469387755102,0.04251878610250551,0.9536012866019762
111,0.9696498054474708,0.9671428571428572,0.039672166298502516,0.9590311748757688
112,0.9738910505836575,0.9667346938775511,0.03909784578022922,0.9583558282644123
113,0.9711673151750972,0.9673469387755103,0.04131369868471696,0.9563278694842969
114,0.9725291828793774,0.9691836734693877,0.03901453495511471,0.9633785010454675
115,0.9723735408560311,0.9691836734693877,0.039158394959288995,0.9610311430869188
116,0.9699221789883269,0.9644897959183674,0.04321849120060366,0.952136148577855
117,0.97,0.9669387755102041,0.04061258164955235,0.9596123861793053
