configuration,hidden_layers,validation_accuracy_mean,validation_accuracy_std,validation_loss_mean,validation_macro_f1_mean,validation_macro_f1_std,validation_recall_5_mean,parameters
"tanh + Xavier, η = 0,1",1,0.9607606803267712,0.0010110934023398,0.0353122101949053,0.9489904718738282,0.0009445033377339,0.8209876543209876,50890
"tanh + Xavier, η = 0,1",2,0.9619659836614436,0.0002319607349093,0.032351815109797,0.9513045740704376,0.0008743720391911,0.8209876543209876,55050
"tanh + Xavier, η = 0,1",3,0.9612963706977368,0.0002319607349093,0.0312263580805268,0.9472229972563696,0.0007421242922686,0.7962962962962963,59210
"tanh + Xavier, η = 0,1",4,0.9629034418106334,0.0016237251443661,0.030997664288067,0.94929404503014,0.0020719871026195,0.8024691358024691,63370
"tanh + Xavier, η = 0,1",5,0.9635730547743404,0.0020221868046793,0.0300547439260943,0.9512544561872543,0.0025618721785511,0.8024691358024691,67530
"tanh + Xavier, η = 0,1",6,0.9631712869961164,0.0011598036745472,0.0308219994801187,0.949342323849797,0.0014799260231964,0.8024691358024691,71690
"tanh + Xavier, η = 0,1",7,0.9659836614436856,0.0054842896021007,0.0296903832488583,0.9555180258980576,0.0078661604493357,0.8333333333333334,75850
"tanh + Xavier, η = 0,1",8,0.9662515066291684,0.0028123744475692,0.0289793579853284,0.9555960507088318,0.0026702747513949,0.8271604938271605,80010
"ReLU + He, η = 0,01",1,0.9571447703227536,0.0012274208370043,0.0385283006243425,0.945103193594608,0.002176533888284,0.7901234567901234,50890
"ReLU + He, η = 0,01",2,0.957010847730012,0.0035709901234695,0.037895533738641,0.942753547663984,0.0043134973126594,0.7716049382716049,55050
"ReLU + He, η = 0,01",3,0.9532610151332528,0.0082370560142931,0.0391087984812475,0.9133906154999956,0.0568807066550624,0.54320987654321,59210
"ReLU + He, η = 0,01",4,0.9535288603187356,0.009269726787557,0.0398674783453886,0.9104894810590086,0.0549495100331172,0.5,63370
"ReLU + He, η = 0,01",5,0.9516539440203564,0.0085825471916497,0.0402881374930375,0.9078792871888396,0.0536699460000671,0.5,67530
"ReLU + He, η = 0,01",6,0.9452256595687692,0.0067746832033971,0.0429322170549193,0.8772194334244378,0.0548359513260937,0.2592592592592592,71690
"ReLU + He, η = 0,01",7,0.9480380340163386,0.0113944439648618,0.0423311917861639,0.8805498590305154,0.0603146348503564,0.2716049382716049,75850
"ReLU + He, η = 0,01",8,0.8304539975893933,0.1184145352268233,0.101485549760831,0.7260212098589679,0.1948267060252611,0.2592592592592592,80010
"ReLU + He, η = 0,1",1,0.9587518414356504,0.0033694243003639,0.0374842543805823,0.9446758088339178,0.0063484451916033,0.7962962962962963,50890
"ReLU + He, η = 0,1",2,0.6434980581224052,0.4583014079666647,0.2078892157437283,0.5818266437076685,0.4925137135838505,0.54320987654321,55050
"ReLU + He, η = 0,1",3,0.1576268916566224,0.0534099351517021,0.4999265002967065,0.0444117369072593,0.0335503916724454,0.0,59210
"ReLU + He, η = 0,1",4,0.1217356368019284,0.0021259552519602,0.4999999527873111,0.0257397361020122,0.0029569208450874,0.0,63370
"ReLU + He, η = 0,1",5,0.1258872371769117,0.0085259376147834,0.4986235501377077,0.0248394962537781,0.0014901280133337,0.0,67530
"ReLU + He, η = 0,1",6,0.2480246417570644,0.2109301242830487,0.4217624247687304,0.1468062807580646,0.2111253231146069,0.2839506172839506,71690
"ReLU + He, η = 0,1",7,0.1260211597696531,0.0083634632361033,0.49999999999556,0.0248632583536298,0.001461212386277,0.0,75850
"ReLU + He, η = 0,1",8,0.129369224588188,0.0104382330709253,0.5,0.0254442850539658,0.0018284838250215,0.0,80010
