configuration,seed,layer,mean_abs_gradient
sigmoide + Xavier,42,1,5.546766202001247e-08
sigmoide + Xavier,42,2,9.982826166591012e-07
sigmoide + Xavier,42,3,4.176387221352758e-06
sigmoide + Xavier,42,4,1.6055533512182804e-05
sigmoide + Xavier,42,5,7.374692963262654e-05
sigmoide + Xavier,42,6,0.00030511421600907
sigmoide + Xavier,42,7,0.001101220135462939
sigmoide + Xavier,42,8,0.005753576348993835
sigmoide + Xavier,42,9,0.0525957790166726
sigmoide + Xavier,7,1,3.599112626900468e-08
sigmoide + Xavier,7,2,7.246813374066143e-07
sigmoide + Xavier,7,3,2.882010287703579e-06
sigmoide + Xavier,7,4,1.07713598939556e-05
sigmoide + Xavier,7,5,4.0394366988537554e-05
sigmoide + Xavier,7,6,0.00019323110856745806
sigmoide + Xavier,7,7,0.0008623920267923208
sigmoide + Xavier,7,8,0.004261022826976153
sigmoide + Xavier,7,9,0.03874016402630777
sigmoide + Xavier,21,1,4.8233013997636365e-08
sigmoide + Xavier,21,2,7.813406166731129e-07
sigmoide + Xavier,21,3,3.0340762993659284e-06
sigmoide + Xavier,21,4,1.2818497276745001e-05
sigmoide + Xavier,21,5,5.478094342739553e-05
sigmoide + Xavier,21,6,0.00025429612280904385
sigmoide + Xavier,21,7,0.0010792000965512373
sigmoide + Xavier,21,8,0.004781761667281769
sigmoide + Xavier,21,9,0.05334584242598719
tanh + Xavier,42,1,0.0024482704792407627
tanh + Xavier,42,2,0.004663818605272603
tanh + Xavier,42,3,0.004772389175409951
tanh + Xavier,42,4,0.005114349509745713
tanh + Xavier,42,5,0.004793141171918671
tanh + Xavier,42,6,0.005095780346760453
tanh + Xavier,42,7,0.004496239721985731
tanh + Xavier,42,8,0.004172398840997668
tanh + Xavier,42,9,0.009597752229321736
tanh + Xavier,7,1,0.002270497968380218
tanh + Xavier,7,2,0.004744237379638774
tanh + Xavier,7,3,0.004478802528545668
tanh + Xavier,7,4,0.004581266820359937
tanh + Xavier,7,5,0.005011267695916784
tanh + Xavier,7,6,0.004107138140511331
tanh + Xavier,7,7,0.0032722892046920127
tanh + Xavier,7,8,0.004414452739228095
tanh + Xavier,7,9,0.010394103644795916
tanh + Xavier,21,1,0.002264235203410602
tanh + Xavier,21,2,0.0036208155813250978
tanh + Xavier,21,3,0.0036884088294811927
tanh + Xavier,21,4,0.0036426550715265424
tanh + Xavier,21,5,0.0034327274903203763
tanh + Xavier,21,6,0.003825980990853771
tanh + Xavier,21,7,0.004283468955151472
tanh + Xavier,21,8,0.004334174299397352
tanh + Xavier,21,9,0.012870253515505923
ReLU + He,42,1,0.001127088966855804
ReLU + He,42,2,0.0019698725413081057
ReLU + He,42,3,0.0024326189383108415
ReLU + He,42,4,0.002821108876907952
ReLU + He,42,5,0.0033482347569889254
ReLU + He,42,6,0.002947236805231272
ReLU + He,42,7,0.003731479089928586
ReLU + He,42,8,0.004416264245541722
ReLU + He,42,9,0.017321154156047673
ReLU + He,7,1,0.0010905948749674753
ReLU + He,7,2,0.001497201411783207
ReLU + He,7,3,0.0014766818947241711
ReLU + He,7,4,0.0013940347529393438
ReLU + He,7,5,0.0014786875125476235
ReLU + He,7,6,0.002074662032192986
ReLU + He,7,7,0.0027249975149955955
ReLU + He,7,8,0.0027502764456609004
ReLU + He,7,9,0.016519915138803788
ReLU + He,21,1,0.0019773513779586826
ReLU + He,21,2,0.0025953487699687102
ReLU + He,21,3,0.003062016531408863
ReLU + He,21,4,0.0034745831155229916
ReLU + He,21,5,0.00422909320656252
ReLU + He,21,6,0.004007265756517376
ReLU + He,21,7,0.004453790409258453
ReLU + He,21,8,0.004704590699329212
ReLU + He,21,9,0.019735004526142557
