epoch,loss,epoch_time,train_accuracy
1,0.11356151533689124,0.07487445799051784,0.8915575548236806
2,0.07347199516452697,0.05908295899280347,0.9169411197686561
3,0.060737126368071576,0.059553459024755284,0.9275443810747851
4,0.05590353441335018,0.059542792005231604,0.9316410956703349
5,0.052159442935524374,0.07867799999075942,0.9365410876375613
6,0.04728561991398181,0.05906987498747185,0.9406378022331111
7,0.04337011215400382,0.058038582996232435,0.9454574664631697
8,0.0405869437776917,0.058007791987620294,0.9489918868985461
9,0.03877663518098406,0.058026291022542864,0.9512410635392401
10,0.03633302885796335,0.058178584004053846,0.9531689292312635
11,0.03583995053718597,0.060235499986447394,0.9544541730259458
12,0.03429881915871112,0.05818712498876266,0.9558197445577958
13,0.031227457033903398,0.06111124999006279,0.9594344927303398
14,0.030198413384919513,0.06504033398232423,0.9616033416338662
15,0.029074228700680212,0.05864666699199006,0.9629689131657161
16,0.02711872435578605,0.058035666996147484,0.9678689051329424
17,0.02597345931427276,0.05814333297894336,0.9734115189975099
18,0.023658623557493846,0.05999220800003968,0.9775885613302273
19,0.020631356025229978,0.058286417013732716,0.9812033095027713
20,0.019120076423744383,0.059031166980275884,0.9815246204514418
21,0.01773286418317912,0.05786541700945236,0.9830508474576272
22,0.016399321459354597,0.05787308400613256,0.9844164189894771
23,0.015462154827595631,0.05806399998255074,0.9859426459956623
24,0.014612407947782768,0.058586667000781745,0.9865049401558358
25,0.013766531224022532,0.058545291976770386,0.987147562053177
26,0.013148710188727583,0.058886082988465205,0.9876295284761828
27,0.012504657542428759,0.05776141700334847,0.9881114948991887
28,0.01211800185166516,0.05987258299137466,0.9885131335850269
29,0.011842065591945021,0.057975916017312557,0.9889147722708651
30,0.011056957875852228,0.057721582998055965,0.9892360832195357
31,0.010603032270019505,0.05830312499892898,0.9889147722708651
32,0.01018289699390495,0.05805216697626747,0.9898787051168768
33,0.009877330430470229,0.05979604201274924,0.9904409992770503
34,0.009483260769278147,0.06522649998078123,0.9906016547513856
35,0.009258402490860228,0.05978004200733267,0.9910836211743915
36,0.008724762574824576,0.0580292500089854,0.9909229657000562
37,0.008463972510703287,0.06036566698458046,0.9914852598602297
38,0.008213189087175575,0.059683790983399376,0.9922885372319061
39,0.007777415759873273,0.05934604100184515,0.9921278817575709
40,0.007591897034484928,0.07996879101847298,0.9926098481805767
41,0.007161717576471229,0.06105424999259412,0.992770503654912
42,0.006811941296087832,0.05909216700820252,0.9931721423407502
43,0.006651412738123296,0.05992245799279772,0.9934131255522531
44,0.006450516474438098,0.05829637500573881,0.9934934532894208
45,0.00620132277380949,0.05880658401292749,0.9935737810265884
46,0.006155429512312638,0.061373042000923306,0.9935737810265884
47,0.0061853840979855645,0.06023674999596551,0.9936541087637561
48,0.005797036167523953,0.057899832987459376,0.9937344365009237
49,0.005592317882589815,0.06203508301405236,0.9940557474495944
50,0.005332213154329223,0.06184008298441768,0.9940557474495944
51,0.00535100853028356,0.058425708004506305,0.9942967306610972
52,0.005122873320299394,0.059742124984040856,0.994377058398265
53,0.0049394943797110985,0.058968708995962515,0.9946180416097679
54,0.005049472626611334,0.059139707998838276,0.9947786970841032
55,0.004712922398094045,0.058903458004351705,0.9949393525584385
56,0.0046544586168968454,0.05823320898343809,0.9951803357699414
57,0.004495193004800394,0.058305749989813194,0.9951000080327738
58,0.004376395525611278,0.0587399160140194,0.995260663507109
59,0.004247605191937394,0.0587284590001218,0.9953409912442767
60,0.004195460339080422,0.058540500001981854,0.9954213189814443
61,0.004251469293506142,0.05849475000286475,0.995501646718612
62,0.004032669258024351,0.05848541698651388,0.995501646718612
63,0.003883465036789174,0.05821874999674037,0.9955819744557796
64,0.0038737250783765055,0.05852483300259337,0.9956623021929473
65,0.003774934235967791,0.058898249990306795,0.9956623021929473
66,0.003661102630161695,0.059057375008706,0.9956623021929473
67,0.003592132033034447,0.05795916699571535,0.9956623021929473
68,0.0035451016320841282,0.05851841700496152,0.9957426299301149
69,0.003524756747481439,0.06013441699906252,0.9957426299301149
70,0.0034442082495654905,0.05977895899559371,0.9957426299301149
71,0.003401344258272786,0.05804108298616484,0.9957426299301149
72,0.0033630644985502313,0.05838491697795689,0.9957426299301149
73,0.0033223908342303946,0.05833179102046415,0.9958229576672825
74,0.0032873997902552357,0.05777620800654404,0.9958229576672825
75,0.0032681418296944807,0.0583477090112865,0.9958229576672825
76,0.003247102354042235,0.0581241250038147,0.9958229576672825
