sigma,replicate,accuracy,macro_f1,recall_0,recall_1,recall_2,recall_3,recall_4,recall_5,recall_6,recall_7,recall_8,recall_9
0.0,0,0.9879855826992391,0.9878984211562158,0.9877551020408163,1.0,0.9844961240310077,0.9880952380952381,0.9918367346938776,0.9865470852017937,0.9916317991631799,0.9922178988326849,0.9753086419753086,0.9801587301587301
0.05,0,0.987585102122547,0.9874022516084308,0.9877551020408163,0.9964664310954063,0.9883720930232558,0.9841269841269841,0.9918367346938776,0.9865470852017937,0.9916317991631799,0.9922178988326849,0.9835390946502057,0.9722222222222222
0.05,1,0.9887865438526231,0.9886148051633301,0.9877551020408163,1.0,0.9883720930232558,0.9880952380952381,0.9918367346938776,0.9865470852017937,0.9916317991631799,0.9922178988326849,0.9835390946502057,0.9761904761904762
0.05,2,0.9863836603924709,0.9862154731597407,0.9877551020408163,0.9964664310954063,0.9844961240310077,0.9841269841269841,0.9918367346938776,0.9820627802690582,0.9916317991631799,0.9883268482490273,0.9835390946502057,0.9722222222222222
0.05,3,0.985983179815779,0.9859134762347692,0.9877551020408163,0.9929328621908127,0.9844961240310077,0.9920634920634921,0.9918367346938776,0.9865470852017937,0.9874476987447699,0.9844357976653697,0.9794238683127572,0.9722222222222222
0.05,4,0.987585102122547,0.9874415478780684,0.9877551020408163,0.9964664310954063,0.9844961240310077,0.9920634920634921,0.9918367346938776,0.9820627802690582,0.9916317991631799,0.9883268482490273,0.9876543209876543,0.9722222222222222
0.1,0,0.9775730877052463,0.9774201730146572,0.9918367346938776,0.9787985865724381,0.9728682170542635,0.9841269841269841,0.9877551020408163,0.9641255605381166,0.9748953974895398,0.9688715953307393,0.9917695473251029,0.9603174603174603
0.1,1,0.9799759711653985,0.9799342737933843,0.9959183673469387,0.9787985865724381,0.9806201550387597,0.9801587301587301,0.9836734693877551,0.9775784753363229,0.9874476987447699,0.9688715953307393,0.9917695473251029,0.9563492063492064
0.1,2,0.9807769323187825,0.9806790473143078,0.9959183673469387,0.9717314487632509,0.9844961240310077,0.9841269841269841,0.9918367346938776,0.968609865470852,0.9790794979079498,0.980544747081712,0.9876543209876543,0.9642857142857143
0.1,3,0.9791750100120145,0.9791245596703471,0.9918367346938776,0.9646643109540636,0.9806201550387597,0.9841269841269841,0.9918367346938776,0.968609865470852,0.9832635983263598,0.9766536964980544,0.9917695473251029,0.9603174603174603
0.1,4,0.9795754905887064,0.9795483407942699,0.9877551020408163,0.9646643109540636,0.9767441860465116,0.9880952380952381,0.9918367346938776,0.9641255605381166,0.9916317991631799,0.980544747081712,0.9917695473251029,0.9603174603174603
0.2,0,0.8606327593111734,0.8664117482892311,0.9836734693877551,0.43109540636042404,0.9651162790697675,0.9642857142857143,0.9469387755102041,0.9192825112107623,0.8702928870292888,0.8249027237354085,0.9958847736625515,0.7738095238095238
0.2,1,0.8666399679615538,0.8723499307147703,0.9877551020408163,0.48056537102473496,0.9728682170542635,0.9563492063492064,0.926530612244898,0.9103139013452914,0.9205020920502092,0.8132295719844358,1.0,0.7619047619047619
0.2,2,0.8570284341209451,0.863675910367639,0.9877551020408163,0.4628975265017668,0.9573643410852714,0.9484126984126984,0.926530612244898,0.9282511210762332,0.9121338912133892,0.8210116731517509,0.9835390946502057,0.7103174603174603
0.2,3,0.8602322787344814,0.8661255434277993,0.9877551020408163,0.44876325088339225,0.9767441860465116,0.9484126984126984,0.9306122448979591,0.9237668161434978,0.8786610878661087,0.8365758754863813,0.9958847736625515,0.7420634920634921
0.2,4,0.855026031237485,0.8615179976454288,0.9918367346938776,0.43462897526501765,0.9689922480620154,0.9484126984126984,0.9142857142857143,0.9192825112107623,0.895397489539749,0.8054474708171206,0.9835390946502057,0.7579365079365079
0.4,0,0.48378053664397275,0.4689719297602378,0.963265306122449,0.0,0.8410852713178295,0.7658730158730159,0.30612244897959184,0.48878923766816146,0.3054393305439331,0.11673151750972763,0.9876543209876543,0.1388888888888889
0.4,1,0.47857428914697636,0.4643395275203554,0.9346938775510204,0.0,0.8372093023255814,0.7738095238095238,0.30612244897959184,0.4439461883408072,0.3138075313807531,0.10116731517509728,0.9876543209876543,0.15873015873015872
0.4,2,0.473768522226672,0.4632657141803288,0.9510204081632653,0.0,0.7984496124031008,0.7301587301587301,0.2938775510204082,0.49327354260089684,0.30962343096234307,0.0933852140077821,0.9876543209876543,0.15873015873015872
0.4,3,0.4773728474169003,0.4662424101952033,0.963265306122449,0.0,0.8255813953488372,0.7341269841269841,0.2938775510204082,0.49327354260089684,0.301255230125523,0.1245136186770428,0.9753086419753086,0.1388888888888889
0.4,4,0.47296756107328797,0.4568679558469605,0.9551020408163265,0.0,0.8178294573643411,0.7658730158730159,0.2693877551020408,0.47085201793721976,0.29707112970711297,0.10116731517509728,0.9835390946502057,0.14285714285714285
