epoch,loss,epoch_time,train_accuracy,validation_loss,validation_accuracy,validation_macro_f1
1,0.49998084691107825,0.05843670800095424,0.1286144578313253,0.49998493306147496,0.12615508236239453,0.03499217259958906
2,0.4999780552696054,0.04412183299427852,0.12600401606425704,0.49998275493079786,0.1241462434712736,0.03277166925342117
3,0.4999738648773275,0.06227574998047203,0.12289156626506025,0.49997946449559405,0.12093210124548011,0.02973294276005119
4,0.4999678828344519,0.04740275000222027,0.1214859437751004,0.4999747011726373,0.11892326235435918,0.027895663010589624
5,0.49995757591968465,0.04271708300802857,0.11987951807228915,0.49996648738940924,0.11852149457613499,0.026730745169289742
6,0.4999368243174387,0.043961667048279196,0.12068273092369478,0.4999496298680592,0.11852149457613499,0.026660930100634694
7,0.49987116441612384,0.04241216595983133,0.1316265060240964,0.4998944565628693,0.13177983125753315,0.046382652976127835
8,0.49181303659994174,0.04131387500092387,0.1258032128514056,0.4913323605634661,0.12575331458417036,0.02482353874216829
9,0.4031662249505525,0.03801287501119077,0.2390562248995984,0.4021657405925882,0.2394535958216151,0.09662025096470878
10,0.2650666647968133,0.043635457986965775,0.5880522088353414,0.26618801231254746,0.5869827239855364,0.41012770171492086
11,0.2110715827525509,0.03930912498617545,0.6868473895582329,0.21234526824160044,0.6898352752109281,0.5381061371424782
12,0.17667296025527773,0.04513079102616757,0.6998995983935743,0.17823662478315977,0.698272398553636,0.5412031289267087
13,0.13267836078427117,0.043868167034816,0.8042168674698795,0.1356741822099189,0.7979108075532342,0.6756992689269139
14,0.11396848205531983,0.042663457978051156,0.8160642570281125,0.1184214152535306,0.8091603053435115,0.6797496503997621
15,0.10926838220611912,0.04499787499662489,0.8230923694779116,0.11645212350549507,0.8119726797910808,0.6818283272939455
16,0.10562555804938645,0.040926250047050416,0.8243975903614458,0.11279184260315311,0.812374447569305,0.6819991444793005
17,0.10118670508368208,0.04335754201747477,0.829417670682731,0.11029257431066584,0.8175974286862193,0.6856650456595101
18,0.09931102262993372,0.05154516699258238,0.8331325301204819,0.10902143185222064,0.8184009642426677,0.6863954255852782
19,0.09588291735733005,0.04173354199156165,0.8349397590361446,0.10717541700544092,0.8196062675773403,0.6870693885836058
20,0.09621717063253159,0.0924930420005694,0.834136546184739,0.10807691195596429,0.8171956609079952,0.6841437464949071
21,0.09217703792519501,0.04782749997684732,0.8384538152610441,0.10478285776273236,0.8228204098031338,0.6898885774505885
22,0.09093378805250166,0.045194750011432916,0.8396586345381526,0.1042499272348041,0.8244274809160306,0.6906876118420235
23,0.08963488673325852,0.03952491597738117,0.8411646586345382,0.10393181496243181,0.8260345520289273,0.6915557154687847
24,0.08769532834508273,0.04497695900499821,0.8422690763052209,0.10296965183018866,0.8252310164724789,0.6912835350241122
25,0.08719555340395162,0.04436066694324836,0.8440763052208835,0.10292341183060956,0.8248292486942547,0.6908704328969703
26,0.08721768515304595,0.07692433398915455,0.8424698795180723,0.1027634328918846,0.8236239453595822,0.6908283955856204
27,0.08493876269042573,0.049551500007510185,0.8449799196787149,0.10074110674676824,0.8284451586982724,0.6943605671745943
28,0.08433255676205184,0.044222416006959975,0.8454819277108434,0.10209867886688562,0.827641623141824,0.6930383326836885
29,0.08325886688613747,0.04110241599846631,0.8464859437751004,0.10128310957156199,0.8264363198071515,0.6929242608473207
30,0.08296989733923926,0.04513479198794812,0.8466867469879518,0.10089310931062503,0.8292486942547208,0.696139310117548
31,0.08451645320230398,0.04141916596563533,0.8444779116465864,0.10226357673035645,0.8260345520289273,0.6939835156744772
32,0.08165849006170109,0.045890541980043054,0.8481927710843373,0.10002313253233568,0.8300522298111691,0.6981149129244923
33,0.08108961923217149,0.04141291696578264,0.8485943775100402,0.10012162069807312,0.8300522298111691,0.6978068292278015
34,0.08057634644408242,0.04161954199662432,0.8490963855421687,0.10039738387593276,0.8284451586982724,0.699188955605038
35,0.08058512413838521,0.041103542025666684,0.8488955823293173,0.09989007303466618,0.8300522298111691,0.6988240772141618
36,0.07940593681295842,0.045485207985620946,0.84929718875502,0.0993798921886039,0.829650462032945,0.6993888761431545
37,0.07899959834509131,0.04285487497691065,0.8503012048192771,0.0992079719229605,0.8288469264764966,0.7006415499249257
38,0.07958551686400028,0.040583624970167875,0.8502008032128514,0.09948661571489,0.8312575331458417,0.7023473619410687
39,0.07838618715212008,0.03877516696229577,0.8507028112449799,0.0994552037723701,0.8288469264764966,0.7048124198479719
40,0.0785698269296976,0.056365291005931795,0.8509036144578314,0.09985709122544925,0.8308557653676175,0.7110515259696621
41,0.078196462639744,0.04372166597750038,0.8513052208835341,0.09902017890832603,0.8312575331458417,0.7114528718528224
42,0.07750023308560053,0.044747082982212305,0.8513052208835341,0.09840106105867584,0.8304539975893933,0.7102091752313081
43,0.07716214097675368,0.04915804200572893,0.8520080321285141,0.09835376223155552,0.8312575331458417,0.7106702946257426
44,0.07702876568545468,0.044978833000641316,0.8521084337349397,0.09814445219875396,0.8316593009240659,0.7145714523845653
45,0.07687241567908279,0.045071458036545664,0.852710843373494,0.09900843952291297,0.8320610687022901,0.7188919711688159
46,0.07655061998827042,0.047263915999792516,0.8534136546184738,0.0982273361561765,0.834069907593411,0.7230625271315515
47,0.07647647388827154,0.04112199996598065,0.8540160642570281,0.09859760482079476,0.8332663720369626,0.7226259329451631
48,0.07612881319912145,0.045260416984092444,0.8551204819277108,0.09815027529965169,0.834069907593411,0.7306663440453667
49,0.0761166648669115,0.041883292025886476,0.8569277108433735,0.09793651654673988,0.836078746484532,0.737938701910489
50,0.0756797112224585,0.04134024999802932,0.8616465863453815,0.09776798576869992,0.8376858175974287,0.7486217133175196
51,0.07489558565493433,0.04475395899498835,0.8674698795180723,0.09760402551331183,0.840498192044998,0.7589378476836998
52,0.07375054788227256,0.040158750023692846,0.8696787148594377,0.0963307878533102,0.8425070309361189,0.7627454972013107
53,0.07181829667171243,0.03987454198068008,0.8711847389558233,0.09487697346758035,0.8417034953796706,0.7646234019009254
54,0.0703206290038705,0.04641270899446681,0.8714859437751004,0.09373826853423534,0.8453194053836882,0.7678132222936083
55,0.06916499603275192,0.040994291950482875,0.8724899598393574,0.09262197257901959,0.8465247087183608,0.7697720006014201
56,0.06824823526926838,0.042423666978720576,0.8728915662650603,0.09215704428711921,0.8453194053836882,0.7690639005881237
57,0.06738667701922038,0.04650200001196936,0.8725903614457832,0.09149737578645287,0.8457211731619124,0.7678630890365797
58,0.0673776675301924,0.04182749998290092,0.8726907630522088,0.091750224810697,0.8441141020490157,0.7649395271983555
59,0.06651066253452045,0.04281791695393622,0.8729919678714859,0.09089789694682954,0.8453194053836882,0.7669400832984002
60,0.06624901767290658,0.042892833007499576,0.8726907630522088,0.09072303104252608,0.8453194053836882,0.7659193729591702
61,0.06590649231254836,0.052100874949246645,0.8729919678714859,0.0902769207083481,0.8477300120530333,0.7684349972965758
62,0.06582224644672421,0.0455967920133844,0.8731927710843373,0.09012638892791851,0.8481317798312575,0.7694201423395223
63,0.06575714881595193,0.04609879100462422,0.8730923694779117,0.08985962068999875,0.8469264764965849,0.769364528673441
64,0.06536892559022767,0.046352250035852194,0.873293172690763,0.08984781568232193,0.8485335476094817,0.7704934605514943
65,0.06520158574242979,0.045811791031155735,0.8734939759036144,0.08956088961387286,0.848935315387706,0.7699061484477477
66,0.06506873615973205,0.04036649997578934,0.873293172690763,0.08948884793186726,0.8481317798312575,0.7694274579023059
67,0.06499105241074198,0.04316262499196455,0.873293172690763,0.0894590800578602,0.8473282442748091,0.7675382332329169
68,0.06481422840312012,0.04500250000273809,0.8733935742971888,0.08937658883278185,0.8481317798312575,0.7684677628322752
69,0.06468012561222544,0.04076491598971188,0.8736947791164659,0.0892438492627054,0.8485335476094817,0.768401939618037
70,0.0646141640964845,0.046486167004331946,0.8735943775100402,0.08959631122365284,0.848935315387706,0.7682480863878824
71,0.06452162433892486,0.04605637502390891,0.8735943775100402,0.08911497705705294,0.8497388509441542,0.7698065504255287
72,0.06449888869470034,0.04201104200910777,0.8736947791164659,0.08944601413301242,0.848935315387706,0.7688157910653282
73,0.06438240387004765,0.0507766249938868,0.8736947791164659,0.08921592522739542,0.848935315387706,0.7684921154583075
74,0.06424661321107358,0.040299042011611164,0.8736947791164659,0.0893678563040411,0.8505423865006027,0.769607028758271
75,0.06420491457885652,0.041006292041856796,0.8736947791164659,0.08876702781041489,0.84933708316593,0.7689166699766906
76,0.06415134157483772,0.04663170897401869,0.8737951807228915,0.0892016180824569,0.8497388509441542,0.7685289284076755
77,0.0640869196528866,0.04226524999830872,0.8736947791164659,0.08896820043504199,0.8501406187223784,0.7689548447012095
78,0.0640309038523801,0.0486261670012027,0.8737951807228915,0.08918300605415418,0.84933708316593,0.7689090899325124
79,0.0639798642498359,0.04678612505085766,0.873995983935743,0.08909771293070332,0.8501406187223784,0.7696819298239039
80,0.0638831729624986,0.10825341701274738,0.8740963855421687,0.08940902331276931,0.84933708316593,0.7688506116555904
81,0.06382396961091992,0.04407879203790799,0.8740963855421687,0.08903843587573274,0.848935315387706,0.7677131202491444
82,0.06379036470408198,0.04102858400437981,0.8740963855421687,0.08916533866484724,0.84933708316593,0.7679997111741292
83,0.06375575678140337,0.0459016669774428,0.8740963855421687,0.08928388713312288,0.848935315387706,0.7689582235292529
84,0.06370986764937993,0.041947374993469566,0.87429718875502,0.08910562697280314,0.848935315387706,0.7687038092047225
85,0.06367026218174827,0.04538408399093896,0.87429718875502,0.08896887324075198,0.84933708316593,0.7679204232414891
86,0.06363935220414636,0.04047833400545642,0.8741967871485944,0.08896748402726845,0.848935315387706,0.7667319996141093
87,0.06360745597498237,0.04714983399026096,0.87429718875502,0.08910130088152537,0.8497388509441542,0.7684241154085846
88,0.0635677110037175,0.04273291601566598,0.8743975903614458,0.08897203679241453,0.84933708316593,0.7677594052975752
89,0.0635831858046669,0.04038766701705754,0.87429718875502,0.08916883911454986,0.848935315387706,0.768187322834902
90,0.06353346029770984,0.04585379199124873,0.8743975903614458,0.08893341182576009,0.8497388509441542,0.7673125609545348
91,0.0635096697000618,0.04191691696178168,0.8743975903614458,0.08915683041441289,0.848935315387706,0.7668385991093706
92,0.06348995323484057,0.06038912502117455,0.8743975903614458,0.08908562399608251,0.848935315387706,0.7668454590326896
93,0.0634659732898628,0.047715416993014514,0.8743975903614458,0.0890745943088972,0.848935315387706,0.766726814720102
94,0.06345006573589375,0.04620545799843967,0.8743975903614458,0.08936649011095646,0.8473282442748091,0.7661270007405909
95,0.0634005266190141,0.04714941600104794,0.8743975903614458,0.08919364156745256,0.8485335476094817,0.7661470572450887
96,0.06337878614984552,0.06721145799383521,0.8744979919678715,0.08946405302829652,0.8481317798312575,0.7660245109046424
97,0.06336231262793758,0.04170241701649502,0.8745983935742971,0.08938822906312129,0.8481317798312575,0.7659147235746234
98,0.06333681379283046,0.04604458302492276,0.8745983935742971,0.08927923748430192,0.84933708316593,0.7673026916909085
99,0.06333825535773928,0.04856104200007394,0.8744979919678715,0.08966905495813894,0.8473282442748091,0.7648960758121802
100,0.06330237560249938,0.04584445897489786,0.8745983935742971,0.08935205377859488,0.8485335476094817,0.7663225691489617
101,0.0632932711463097,0.046038583968766034,0.8746987951807229,0.08926363787554827,0.8485335476094817,0.7663104757188228
102,0.06328446642545078,0.04488983302144334,0.8747991967871486,0.08943958477136041,0.8477300120530333,0.7659416561670375
103,0.06325955188803069,0.04534991702530533,0.8747991967871486,0.08923703899426139,0.8473282442748091,0.7651101621742016
104,0.06324245087785664,0.041250167007092386,0.8747991967871486,0.08928872010969104,0.8481317798312575,0.7655301817888864
105,0.06322381167696389,0.041580541990697384,0.8747991967871486,0.08933624143720206,0.8497388509441542,0.7669051440146428
106,0.06320092072624824,0.04667349997907877,0.8748995983935743,0.08962494461705878,0.8473282442748091,0.7660743620467322
107,0.06315553073445977,0.04234666598495096,0.8747991967871486,0.08937042721623428,0.8481317798312575,0.7653494488422987
108,0.06312618322765436,0.06883662496693432,0.8748995983935743,0.08960771187246674,0.8485335476094817,0.7658919057848251
109,0.06310849683667999,0.040863290952984244,0.8748995983935743,0.089277428431159,0.8477300120530333,0.7649579463329832
110,0.06306524859005717,0.04715337499510497,0.8748995983935743,0.08929916055437893,0.8481317798312575,0.7656786830160618
111,0.06305128875470659,0.04197795799700543,0.8748995983935743,0.08924197887133022,0.8481317798312575,0.7653619798214758
112,0.06303078497006231,0.041136749961879104,0.8748995983935743,0.08941922244780558,0.8477300120530333,0.7652718778276789
113,0.06301985271384904,0.05211204203078523,0.8748995983935743,0.08942808232458951,0.8477300120530333,0.7651537348015415
114,0.06301316242703131,0.0411334169912152,0.875,0.08930663525695681,0.8477300120530333,0.7651083637675639
115,0.06300797283289475,0.06510404200525954,0.875,0.08930501554775702,0.8481317798312575,0.7654089784479005
116,0.0630021852897987,0.044869915989693254,0.875,0.08932716535445023,0.8481317798312575,0.7654122693415197
117,0.06299652007702816,0.041399542009457946,0.875,0.08929479012843297,0.8477300120530333,0.7651034240743386
118,0.06298959219180064,0.041010959015693516,0.875,0.08929608836833305,0.8481317798312575,0.7654224356029655
119,0.06298171088275827,0.05779495800379664,0.875,0.08927951008937157,0.8485335476094817,0.7658149256680847
120,0.06296784499282254,0.04414929205086082,0.875,0.08936245616968182,0.8481317798312575,0.7653879954385661
121,0.06295604014288692,0.04959104198496789,0.875,0.0893758668395102,0.8481317798312575,0.765378625594546
122,0.06294541816948046,0.051640457997564226,0.875,0.08930766404684112,0.8481317798312575,0.7653878806529756
123,0.06294391000287569,0.039874917012639344,0.8751004016064257,0.08918494503198002,0.8485335476094817,0.7657108291323345
124,0.06293281370366553,0.06144474999746308,0.8751004016064257,0.08915526517822397,0.8481317798312575,0.7653620015344106
125,0.0629276417868363,0.0412148330360651,0.8751004016064257,0.08925802349190072,0.8481317798312575,0.7654441198670199
126,0.06292229608344863,0.04114208300597966,0.8751004016064257,0.08921998419764605,0.8481317798312575,0.76540537429367
127,0.06292299676359406,0.04362254199804738,0.8752008032128514,0.08922676890432575,0.8481317798312575,0.765355273576779
128,0.0629141366488893,0.040877124993130565,0.8751004016064257,0.08924260633739911,0.8477300120530333,0.765020195517642
129,0.06290738809099894,0.043756833008956164,0.8752008032128514,0.08923604514436172,0.8481317798312575,0.7653640467488507
130,0.06289838652755562,0.04294070805190131,0.8753012048192771,0.08929651189416261,0.8481317798312575,0.7654555991149823
131,0.06288326311171023,0.04018825001548976,0.8753012048192771,0.08924106323539674,0.8481317798312575,0.7660311538753112
132,0.06286315685278537,0.050066083029378206,0.8753012048192771,0.08933831434482639,0.84933708316593,0.7670073519452102
133,0.06286152763329408,0.041479041043203324,0.8753012048192771,0.0895089991483502,0.8469264764965849,0.764560149768188
134,0.06281974147737163,0.07088345801457763,0.8753012048192771,0.08935170411365875,0.848935315387706,0.7665307319351291
135,0.06280303337730161,0.09946687502088025,0.8753012048192771,0.08930899800135376,0.8485335476094817,0.7657229804394318
136,0.06278225731966154,0.04186529200524092,0.8753012048192771,0.08928593237526308,0.848935315387706,0.7665706853311417
137,0.06276987339543731,0.04373562498949468,0.8753012048192771,0.08958107081661676,0.848935315387706,0.7666460328536203
138,0.06275595479142422,0.04475891700712964,0.8755020080321285,0.08953069087541424,0.8485335476094817,0.7663099577450645
139,0.06274915843214275,0.04352566599845886,0.8755020080321285,0.08953293886038871,0.84933708316593,0.7669667455364659
140,0.06273729280988279,0.04310512501979247,0.8756024096385542,0.0894434551113424,0.84933708316593,0.7669881675721925
141,0.0627259664695973,0.044748458021786064,0.8756024096385542,0.08940642769628825,0.8497388509441542,0.7672986624701639
142,0.06270976871201182,0.044461167010013014,0.8756024096385542,0.08947253519347068,0.8485335476094817,0.766309714691032
143,0.0626969821977221,0.040840916975867,0.8756024096385542,0.08949928372241106,0.848935315387706,0.7665969476245401
144,0.06268719382225182,0.04548491700552404,0.87570281124498,0.0895592667546232,0.84933708316593,0.7669769527271623
145,0.06267746332168454,0.04017679102253169,0.8756024096385542,0.08951319510172052,0.8501406187223784,0.7676224579323887
146,0.062669213702726,0.04148979199817404,0.87570281124498,0.08953966571781995,0.8497388509441542,0.7673169394655761
147,0.06266530268317802,0.04475458397064358,0.8756024096385542,0.08964498462746298,0.8497388509441542,0.7673039212150571
148,0.06265530360148552,0.041385916993021965,0.87570281124498,0.08961288795221824,0.8497388509441542,0.7672739364416565
149,0.06264721491314995,0.04456187499454245,0.87570281124498,0.08969069704130016,0.8497388509441542,0.7673148220981706
150,0.06263594562677323,0.05537945794640109,0.8756024096385542,0.08954889481396199,0.8501406187223784,0.7676595984043688
151,0.06262506414077675,0.03825291700195521,0.87570281124498,0.08969385625523227,0.848935315387706,0.7660007667394229
152,0.06261617226556154,0.04427950002718717,0.87570281124498,0.08979375442777111,0.848935315387706,0.7660270601664468
153,0.06261204747776361,0.04075137502513826,0.8756024096385542,0.08972927596343185,0.84933708316593,0.7668966380398483
154,0.06260743126851413,0.05148054100573063,0.87570281124498,0.08979127068557258,0.84933708316593,0.7669076496919981
155,0.06260475859775068,0.04969145799987018,0.87570281124498,0.08963297316443788,0.848935315387706,0.7660256785781496
156,0.06260073643902911,0.046416666998993605,0.87570281124498,0.08968816580796636,0.848935315387706,0.7660455088061005
157,0.06259797786458535,0.04441687499638647,0.87570281124498,0.08965378469826903,0.84933708316593,0.7664098845523557
158,0.06259489112808823,0.04411341703962535,0.87570281124498,0.08969625480294909,0.848935315387706,0.7660007667394229
159,0.0625925515916203,0.039894499990623444,0.8758032128514056,0.08972745520152933,0.8485335476094817,0.7656632077700755
160,0.06259077673240901,0.04277633398305625,0.87570281124498,0.08968244085721618,0.8485335476094817,0.7657014685219339
161,0.06258809890504245,0.04804908303776756,0.8758032128514056,0.08963553156352908,0.8485335476094817,0.7656588782492767
162,0.06258559706944827,0.04049741697963327,0.8758032128514056,0.08974171596438484,0.848935315387706,0.7660203914154402
163,0.06258385680074618,0.04486816603457555,0.8759036144578313,0.08970796165064839,0.848935315387706,0.7660175841268649
164,0.06258187652792793,0.043092167004942894,0.876004016064257,0.0897274222852892,0.848935315387706,0.7660680855117484
165,0.06257568434555247,0.04008150001754984,0.876004016064257,0.08969563354239397,0.84933708316593,0.7663557013335405
166,0.06256818741069158,0.046787541010417044,0.876004016064257,0.08974349175011076,0.848935315387706,0.7660170566445119
167,0.06254513955312338,0.041456749953795224,0.876004016064257,0.0897310876947168,0.848935315387706,0.7659859469453646
168,0.06252751269533241,0.04143933398881927,0.8761044176706827,0.08975206816108262,0.8485335476094817,0.7656487796199296
169,0.06251911742487487,0.04826595803024247,0.8762048192771085,0.08955888556523758,0.848935315387706,0.7658815971403625
170,0.0624936099306688,0.04202624998288229,0.8761044176706827,0.0896827527643486,0.848935315387706,0.7660515184101917
171,0.06251043351015066,0.050823291996493936,0.8762048192771085,0.08955486219532445,0.8497388509441542,0.7665790270569298
172,0.06248288093913736,0.060325250029563904,0.8762048192771085,0.08961445283302504,0.84933708316593,0.7663627009353459
173,0.06247950855919223,0.04494529101066291,0.8763052208835341,0.08955447343183316,0.848935315387706,0.7659704919015873
174,0.06247764624163007,0.04416891699656844,0.8763052208835341,0.08957844767126166,0.8485335476094817,0.7656747771692787
175,0.0624717934712033,0.04481337498873472,0.8762048192771085,0.08958624186371718,0.8485335476094817,0.7657049354243101
176,0.062464973853770416,0.045089625054970384,0.8764056224899598,0.08965441860089925,0.84933708316593,0.7669042038838787
177,0.0624582322682265,0.047647416999097914,0.8764056224899598,0.08964001958040961,0.8485335476094817,0.7656553458186777
178,0.06243344103152074,0.043152333004400134,0.8764056224899598,0.08992344360660622,0.8481317798312575,0.7653631651943668
179,0.06243027296063191,0.04157958400901407,0.8766064257028112,0.08974187129662733,0.8481317798312575,0.7654219319235948
180,0.06242670439234985,0.04040637501748279,0.876706827309237,0.08970359787771794,0.84933708316593,0.7669659933228246
181,0.06242476770047894,0.0417203750112094,0.8771084337349397,0.08977719455096739,0.848935315387706,0.7661225008037625
182,0.06242247486267824,0.0438064580084756,0.8778112449799197,0.0896535236260497,0.84933708316593,0.7669016184597903
183,0.06242160811350153,0.042262625007424504,0.8780120481927711,0.08963428550852248,0.84933708316593,0.7669159557947653
184,0.062419032383016694,0.043898083036765456,0.8781124497991968,0.08966609098586409,0.84933708316593,0.7674760506893337
185,0.0624177898897057,0.043212790973484516,0.8783132530120482,0.08969438783453251,0.8485335476094817,0.7663119610067979
186,0.06241654670930011,0.04411041701678187,0.8784136546184739,0.08968154541919192,0.848935315387706,0.7665954570328662
187,0.062415353855604316,0.05337862501619384,0.878714859437751,0.08964756212890783,0.8501406187223784,0.7682068923836306
188,0.06241413169659518,0.045394415967166424,0.8791164658634538,0.08964416516902712,0.8501406187223784,0.768124855828449
189,0.06241271459902331,0.041038500028662384,0.8791164658634538,0.08965288507535192,0.8513459220570511,0.7712948769671268
190,0.06241176713839619,0.08514729194575921,0.8792168674698795,0.08967408291115046,0.8517476898352752,0.772239484470146
191,0.06241066352852254,0.043166166986338794,0.8795180722891566,0.08964009686205263,0.8525512253917236,0.7733483830296468
192,0.062410004388632166,0.043852874950971454,0.879718875502008,0.08965168520041314,0.8529529931699478,0.7747456938546029
193,0.062408635368531695,0.042849125049542636,0.8799196787148594,0.08964737393981118,0.8541582965046204,0.7768101117492594
194,0.06240812732190789,0.04557912499876693,0.8805220883534136,0.08957015754422318,0.8545600642828445,0.7781178027245222
195,0.06240706700208571,0.04665320797357708,0.8806224899598394,0.08967866198618986,0.8549618320610687,0.7784728682957621
196,0.06240616456632428,0.04250479198526591,0.8810240963855421,0.08967655914522746,0.8545600642828445,0.7786360544557084
197,0.06240512939188203,0.046378832950722426,0.881425702811245,0.08965833391186563,0.8557653676175171,0.780158461702453
198,0.06240430226262471,0.04029549995902926,0.8819277108433735,0.08967462819400303,0.8561671353957413,0.7809673346377667
199,0.062403560194570995,0.046129416034091264,0.8832329317269076,0.0896309155909518,0.8561671353957413,0.7814271358879477
200,0.06240263245978258,0.04193141602445394,0.8836345381526104,0.08969289973804072,0.8573724387304138,0.7835070876147441
201,0.06240164617428204,0.07302179100224748,0.8845381526104418,0.08964849852216984,0.8581759742868622,0.7850258011721137
202,0.06240110952826716,0.042210041952785105,0.8856425702811245,0.0896256858293017,0.8605865809562073,0.7902467429926665
203,0.0624001463929862,0.04490087501471862,0.8862449799196788,0.08961319525309175,0.8617918842908798,0.7921248007691983
204,0.0623991711782284,0.043162915972061455,0.88785140562249,0.08965488113577005,0.8625954198473282,0.7936854572882636
205,0.06239841454916468,0.04218879097606987,0.8889558232931727,0.08960858730874262,0.8646042587384491,0.7974577613324143
206,0.062397527789296386,0.046133582945913076,0.8900602409638554,0.08960828241553652,0.8654077942948976,0.7989568478262591
207,0.062396613919775766,0.046247291029430926,0.8916666666666667,0.08962458330192996,0.8658095620731218,0.8000778119856334
208,0.0623955170300714,0.04477545898407698,0.8930722891566265,0.08965865582414408,0.8678184009642427,0.8034147209025222
209,0.062394602955804235,0.04205279203597456,0.8947791164658635,0.0896537328151241,0.8694254720771394,0.8064623872939582
210,0.06239345114156365,0.04263979196548462,0.8966867469879518,0.08965534867618288,0.8718360787464845,0.8110228181401032
211,0.06239242742176104,0.04396308300783858,0.8998995983935743,0.08960084503904509,0.8730413820811571,0.8128863626497033
212,0.06239069519607882,0.04879412497393787,0.9016064257028112,0.08966549958445344,0.8734431498593813,0.8133050334948
213,0.06238896722655705,0.04470141703495756,0.9052208835341365,0.08965556516880151,0.8758537565287264,0.8178097936212273
214,0.06238669254542718,0.054088458011392504,0.9089357429718875,0.08969189552559845,0.8802732020891925,0.8249379031003333
215,0.062383912359235745,0.057542832975741476,0.9134538152610442,0.08964555963998959,0.8850944154278827,0.8325255609313602
216,0.06237956300759631,0.05018737498903647,0.9193775100401607,0.08967128131687024,0.8911209321012454,0.841681286741848
217,0.062371622032840635,0.04948841599980369,0.9262048192771084,0.08967167244418855,0.8967456809963841,0.8504623884985598
218,0.06235019456718501,0.04636879201279953,0.9383534136546184,0.08966971796708897,0.9079951787866614,0.8665946434052383
219,0.06213491889820083,0.045916083035990596,0.9604417670682731,0.08964441189283102,0.9292888710325432,0.8956757993414595
220,0.009658235095744849,0.04853666597045958,0.9933734939759036,0.03773652415388819,0.9586179188429088,0.9443196636786454
221,0.006936018487365867,0.0449413750320673,0.9939759036144579,0.03529354641611773,0.9606267577340297,0.9496871071115005
222,0.006336995309059715,0.04394570802105591,0.9939759036144579,0.03533612483503696,0.9610285255122539,0.9493406096937039
223,0.005825368959272387,0.04372870799852535,0.9938755020080321,0.034107830023060726,0.9602249899558055,0.9496395565635629
224,0.005465877554306829,0.042523082986008376,0.9938755020080321,0.03487380640503353,0.9598232221775813,0.9507371095376769
225,0.005100047801977929,0.04744045902043581,0.9940763052208835,0.03274493272308475,0.9626355966251506,0.9528550437606241
226,0.00480118420967181,0.04726354201557115,0.9939759036144579,0.03292895834138702,0.9626355966251506,0.9525641760887983
227,0.004526589107389372,0.044265458011068404,0.9941767068273092,0.03255435546748691,0.9622338288469264,0.9534721362090431
228,0.004416182750595781,0.10008045798167586,0.9939759036144579,0.03300881287634738,0.9606267577340297,0.9493407003613393
229,0.00438715265812296,0.04281800001626834,0.994277108433735,0.03338062791535512,0.9606267577340297,0.9514616414073819
230,0.004118046411258954,0.04866408300586045,0.9941767068273092,0.032856734144745464,0.9630373644033748,0.9541969988264076
231,0.00403373802875237,0.047275374992750585,0.9941767068273092,0.03294141040188493,0.9606267577340297,0.951982031571381
232,0.003926305443428712,0.045955208013765514,0.9940763052208835,0.032572131797722795,0.9614302932904781,0.9517374133725978
233,0.0038702925137575218,0.04285083303693682,0.9939759036144579,0.032704542798636806,0.9606267577340297,0.9526896984147201
234,0.003809210035715888,0.03994491696357727,0.9939759036144579,0.032685812971147074,0.9614302932904781,0.9534521551340358
235,0.003760972610337075,0.042278042004909366,0.9940763052208835,0.03257397610331622,0.9618320610687023,0.9538107848498782
236,0.0037474643371249285,0.04585637501440942,0.9940763052208835,0.032734735830109676,0.9610285255122539,0.9523475908231018
237,0.0036738277573730204,0.040947208006400615,0.9941767068273092,0.03250642852982656,0.9614302932904781,0.9542034856518179
238,0.003633472273330729,0.04657258396036923,0.9941767068273092,0.03258000763726248,0.9614302932904781,0.9534519818836478
239,0.003616619845141447,0.04192716599209234,0.9941767068273092,0.03270741206271229,0.9622338288469264,0.9534623437539407
240,0.0035687110610090984,0.045647500024642795,0.9941767068273092,0.03239639390325183,0.9618320610687023,0.9538305709549082
241,0.0035634954125730364,0.04960695799672976,0.9941767068273092,0.032709064262671526,0.9622338288469264,0.9534769662727572
242,0.003524418889885571,0.04261791694443673,0.9941767068273092,0.03235960735035529,0.9618320610687023,0.9528349239243621
243,0.0034959786542847174,0.046317750005982816,0.9941767068273092,0.03227728021436517,0.9610285255122539,0.9523559492338379
244,0.0035003355449657273,0.042825583019293845,0.9941767068273092,0.032477717805368025,0.9630373644033748,0.954913053821874
245,0.003449643751199719,0.06396929197944701,0.9941767068273092,0.032380820002635965,0.9630373644033748,0.9542114073434309
246,0.0034329671713608516,0.04387370904441923,0.9941767068273092,0.032148783946204386,0.9626355966251506,0.9538475546010914
247,0.003414375864611516,0.056265250022988766,0.9941767068273092,0.032255946678515286,0.9618320610687023,0.9521229336355225
248,0.003423860979376956,0.04476637503830716,0.9941767068273092,0.03222622884448934,0.9630373644033748,0.9534882276285727
249,0.0033910904295027474,0.04836704197805375,0.9941767068273092,0.03213388876666847,0.9630373644033748,0.9534882276285727
250,0.0033831502553125113,0.05513079202501103,0.9941767068273092,0.03212127308106672,0.9626355966251506,0.9531254844386622
251,0.0033886674082352704,0.04333920800127089,0.9941767068273092,0.03241410313490889,0.963439132181599,0.9538459074030927
252,0.003369968316721989,0.04294358397601172,0.9941767068273092,0.03221830399787802,0.9630373644033748,0.9534882276285727
253,0.0033683386187450155,0.04023425001651049,0.9941767068273092,0.03222173298240472,0.9630373644033748,0.9532117636143246
254,0.003355697548936108,0.04213108401745558,0.9941767068273092,0.03227038132993335,0.9638408999598232,0.9542200399876037
255,0.0033508013676750445,0.04293879203032702,0.9941767068273092,0.032130678775072814,0.9622338288469264,0.9527684372396359
256,0.003348600221873173,0.04644070798531175,0.9941767068273092,0.03226701477638301,0.963439132181599,0.9538459074030927
257,0.0033434984951389436,0.046918541949708015,0.9941767068273092,0.03221176742523319,0.9626355966251506,0.9528546528496887
258,0.003341601831339936,0.044428792025428265,0.9941767068273092,0.032285686704404654,0.9618320610687023,0.9507023287014618
259,0.0033316958793718886,0.04544745897874236,0.9941767068273092,0.032230304793604156,0.9630373644033748,0.9534942932045648
260,0.0033273555894096697,0.05162187496898696,0.9941767068273092,0.03218583628370423,0.963439132181599,0.9538513358348182
261,0.003323837133862677,0.046658665989525616,0.9941767068273092,0.03218809404751451,0.9626355966251506,0.9521353824563588
262,0.0033207811396788792,0.04188791703199968,0.9941767068273092,0.03219678098791281,0.9622338288469264,0.9510755949573352
263,0.003317068378319323,0.04179854202084243,0.9941767068273092,0.032212949402182195,0.9626355966251506,0.9521302475739236
264,0.0033123740408344975,0.0412039160146378,0.9941767068273092,0.032193195276012575,0.963439132181599,0.9528752347215672
265,0.0033094756442027798,0.03959404199849814,0.9941767068273092,0.0322373705594971,0.9630373644033748,0.9524956969145479
266,0.0033018213575602617,0.04441687499638647,0.9941767068273092,0.03215751528442631,0.963439132181599,0.9528752347215672
267,0.0032992267439564084,0.04251512500923127,0.9941767068273092,0.03230787275533156,0.9626355966251506,0.9514437921676213
268,0.0033010229421554255,0.06237175001297146,0.9941767068273092,0.03229389203207928,0.9622338288469264,0.9510722703040422
269,0.003283248095965473,0.04455225000856444,0.9941767068273092,0.03228091325011635,0.9630373644033748,0.9527938676047296
270,0.0032755997450802767,0.0466105830273591,0.9941767068273092,0.03238040306946638,0.9626355966251506,0.9514456268726911
271,0.0032651667777813544,0.041969249956309795,0.9941767068273092,0.03232332632937365,0.9630373644033748,0.9518179015429151
272,0.003266490824617589,0.042725459032226354,0.9941767068273092,0.032450601488851025,0.9626355966251506,0.9514456268726911
273,0.003257870605130202,0.04331404104596004,0.9941767068273092,0.0322516709834346,0.9626355966251506,0.9521439546352207
274,0.0032554518133870044,0.045974207983817905,0.9941767068273092,0.032322012757920376,0.9630373644033748,0.9518179015429151
275,0.003256951407785079,0.04162229201756418,0.9941767068273092,0.03239923370227695,0.9626355966251506,0.951449704332629
276,0.0032513642176824936,0.045182749978266656,0.9941767068273092,0.03219345960780382,0.9630373644033748,0.9525121265153218
277,0.0032473885766470785,0.04237862495938316,0.9941767068273092,0.03235460471461522,0.9626355966251506,0.9521398518450978
278,0.003244867705800353,0.04246741597307846,0.9941767068273092,0.03223906395987043,0.9630373644033748,0.9532133916376829
279,0.003245577156924765,0.043160124972928315,0.9941767068273092,0.032206909802838454,0.9626355966251506,0.9521398518450978
280,0.003240855785020151,0.04201337503036484,0.9941767068273092,0.03220250424379845,0.9630373644033748,0.9532133916376829
281,0.003238925103529371,0.049332667025737464,0.9941767068273092,0.03229619394768481,0.9626355966251506,0.9514456268726911
282,0.003233531581916067,0.052634916035458446,0.9941767068273092,0.03225102462689049,0.963439132181599,0.9535761421306653
283,0.0032256438282029436,0.041770041978452355,0.9941767068273092,0.03229204556849831,0.9622338288469264,0.9510814790283147
284,0.003205150111419905,0.04253787500783801,0.9941767068273092,0.03226548883154742,0.963439132181599,0.9528748338660904
285,0.0032084465762789167,0.05126395897241309,0.9941767068273092,0.032242293594567685,0.9630373644033748,0.9511338053565779
286,0.0031977381040513035,0.058262583042960614,0.9941767068273092,0.032274168503854915,0.9638408999598232,0.9539441303257923
287,0.003193095515093196,0.0678722079610452,0.9941767068273092,0.032192410899565024,0.9630373644033748,0.9511037545466069
288,0.0031848040034090225,0.04468466603429988,0.9941767068273092,0.0322354900341946,0.9630373644033748,0.9518134975455335
289,0.0031829837571721144,0.04135408397996798,0.9941767068273092,0.032153851011475,0.9630373644033748,0.9518134975455335
290,0.003181266532860206,0.04612929100403562,0.9941767068273092,0.03223770234979131,0.9630373644033748,0.9518092542126502
291,0.003180443520763695,0.039922374999150634,0.9941767068273092,0.032228179353529215,0.9630373644033748,0.9511308174313631
292,0.0031786107115103638,0.0472928750095889,0.9941767068273092,0.03223940779845093,0.9630373644033748,0.9518134975455335
293,0.0031774723558349823,0.04060433298582211,0.9941767068273092,0.03220986748800651,0.9630373644033748,0.9518092542126502
294,0.003176228580674889,0.039743583009112626,0.9941767068273092,0.03218667005242619,0.9630373644033748,0.9518092542126502
295,0.0031752744489688487,0.044588749995455146,0.9941767068273092,0.03219811635948274,0.9630373644033748,0.9518092542126502
296,0.0031739936471425127,0.042034750047605485,0.9941767068273092,0.03221191588191237,0.9630373644033748,0.9518092542126502
297,0.0031736270358247187,0.042239915987011045,0.9941767068273092,0.03222409249315675,0.9630373644033748,0.9518092542126502
298,0.003171973494946542,0.045023374957963824,0.9941767068273092,0.032249877335799954,0.9630373644033748,0.9518092542126502
299,0.003171624126599,0.04182683298131451,0.9941767068273092,0.03215136486234147,0.9626355966251506,0.95144649060236
300,0.003170246742721878,0.042005958035588264,0.9941767068273092,0.032278436681516476,0.9630373644033748,0.9518092542126502
301,0.003169229931535903,0.04649183398578316,0.9941767068273092,0.03223121090579108,0.9630373644033748,0.9518092542126502
302,0.003168273765866546,0.041383792005945,0.9941767068273092,0.03222370819203069,0.9630373644033748,0.9518092542126502
303,0.0031678098640919427,0.042794540990144014,0.9941767068273092,0.03214734310429312,0.9630373644033748,0.9518041834941875
304,0.0031667684329423356,0.04517995804781094,0.9941767068273092,0.03227382074968506,0.9630373644033748,0.9518092542126502
305,0.003165781863621269,0.045817459002137184,0.9941767068273092,0.03221444464189005,0.9630373644033748,0.9518041834941875
306,0.003164772720199318,0.044847500044852495,0.9941767068273092,0.03218898830882401,0.9630373644033748,0.9518041834941875
307,0.0031639178099557735,0.04686295898864046,0.9941767068273092,0.03223002153233638,0.9630373644033748,0.9518041834941875
308,0.003162896111172991,0.04038295894861221,0.9941767068273092,0.032195244185623216,0.9630373644033748,0.9518041834941875
309,0.0031621049163958756,0.04439795797225088,0.9941767068273092,0.03216391510331904,0.9630373644033748,0.9518041834941875
310,0.0031607054847482244,0.040266458003316075,0.9941767068273092,0.03214458990317678,0.9630373644033748,0.9518041834941875
311,0.00315913099073213,0.041954707994591445,0.9941767068273092,0.03222063036360153,0.9630373644033748,0.9518041834941875
312,0.003157550900460749,0.044589624973014,0.994277108433735,0.03220454032050915,0.9626355966251506,0.9514415331610999
313,0.0031545768559811736,0.03977854101685807,0.994277108433735,0.032254195251248514,0.9626355966251506,0.9514415331610999
314,0.0031512624941079925,0.04523070796858519,0.994277108433735,0.032268118342559236,0.9626355966251506,0.9514415331610999
315,0.003146021411684257,0.04376966704148799,0.994277108433735,0.03219423640232424,0.9626355966251506,0.9514324617227798
316,0.0031366175434024922,0.04139687499264255,0.994277108433735,0.03226104146480433,0.9626355966251506,0.9514359862839014
317,0.0031278669569148113,0.04651600000215694,0.994277108433735,0.032355693368595506,0.9618320610687023,0.9507016708879841
318,0.003127209480249939,0.04441229201620445,0.994277108433735,0.032307101477516684,0.9622338288469264,0.9510733359508138
319,0.0031209633165452545,0.11843616602709517,0.994277108433735,0.03227123274190658,0.9626355966251506,0.9514110141523745
320,0.0031178112041905385,0.04498533299192786,0.994277108433735,0.03234436819083811,0.9618320610687023,0.9507016708879841
321,0.003116724863672895,0.042947249952703714,0.994277108433735,0.03237951891643905,0.9618320610687023,0.9507092020222304
322,0.0031152692128133246,0.041664250020403415,0.994277108433735,0.03237350072411391,0.9618320610687023,0.9507092020222304
323,0.0031140459235084426,0.042508959013503045,0.994277108433735,0.0323170279206608,0.9618320610687023,0.9507092020222304
324,0.0031137248783707455,0.04381525004282594,0.994277108433735,0.03233603153709431,0.9626355966251506,0.9514518610398317
325,0.0031118524555821263,0.04335275001358241,0.994277108433735,0.03237917127395828,0.9618320610687023,0.9507092020222304
326,0.003111125895162164,0.04476033296668902,0.994277108433735,0.032404134478902356,0.9622338288469264,0.9510789637172602
327,0.003110395968954766,0.04512341704685241,0.994277108433735,0.032328830548485725,0.9618320610687023,0.9507092020222304
328,0.0031094758261787383,0.04193879198282957,0.994277108433735,0.03240170111395058,0.9622338288469264,0.9510789637172602
329,0.0031095591137346524,0.04228791600326076,0.994277108433735,0.03238467935792917,0.9626355966251506,0.9514518610398317
330,0.0031085484545645063,0.04592791700270027,0.994277108433735,0.03238305307069728,0.9622338288469264,0.9510789637172602
331,0.0031072235800110207,0.04089720896445215,0.994277108433735,0.03237622484984954,0.9622338288469264,0.9510802981301288
332,0.0031067861075256015,0.0442703339504078,0.994277108433735,0.03238163285264725,0.9618320610687023,0.9507092020222304
333,0.003106265913118351,0.04399279103381559,0.994277108433735,0.03237108403381126,0.9622338288469264,0.9510802981301288
334,0.0031057438840981634,0.043130624981131405,0.994277108433735,0.032407682548287665,0.9622338288469264,0.9510802981301288
335,0.0031050640333131476,0.046893499966245145,0.994277108433735,0.03234657431638777,0.9622338288469264,0.9510802981301288
336,0.0031044485916510503,0.04032274999190122,0.994277108433735,0.03233213822178035,0.9622338288469264,0.9510802981301288
337,0.0031039747395674383,0.04375491599785164,0.994277108433735,0.03235887417065381,0.9626355966251506,0.9514416009330401
338,0.00310348559968871,0.043696457985788584,0.994277108433735,0.03236178646325699,0.9622338288469264,0.9510802981301288
339,0.0031030941202031728,0.042329665971919894,0.994277108433735,0.032349514166406135,0.9622338288469264,0.9510802981301288
340,0.0031026285170174103,0.04345612501492724,0.994277108433735,0.03231203147357352,0.9626355966251506,0.9514429484632164
341,0.003102089299429934,0.04746375000104308,0.994277108433735,0.03233671368687048,0.9622338288469264,0.9510802981301288
342,0.0031016575924865024,0.04335045797051862,0.994277108433735,0.03232823084911592,0.9622338288469264,0.9510802981301288
343,0.003101345246135293,0.05160762503510341,0.994277108433735,0.03234354852798434,0.9622338288469264,0.9510802981301288
344,0.003100761706043859,0.040305167029146105,0.994277108433735,0.03231427208402651,0.9626355966251506,0.9514264447991629
345,0.0031003422935605585,0.04761995904846117,0.994277108433735,0.032330190824332014,0.9622338288469264,0.9510789637172602
346,0.003099981043436636,0.043950124992989004,0.994277108433735,0.032334398974015,0.9622338288469264,0.9510789637172602
347,0.0030996676279885283,0.04062266700202599,0.994277108433735,0.03230281081965414,0.9626355966251506,0.9514518610398317
348,0.0030992153334964195,0.04578458302421495,0.994277108433735,0.032322991612738765,0.9622338288469264,0.9510789637172602
349,0.00309881346962124,0.04558379098307341,0.994277108433735,0.03229227107978017,0.9626355966251506,0.9514264447991629
350,0.0030984815967696816,0.045494040998164564,0.994277108433735,0.03231946774608068,0.9626355966251506,0.9514264447991629
351,0.003098024639238179,0.054197958030272275,0.994277108433735,0.0323140379986228,0.9630373644033748,0.9517883556936888
352,0.003097652837501428,0.042158457974437624,0.994277108433735,0.03231162702813031,0.9622338288469264,0.9510789637172602
353,0.003097355166978522,0.05324962496524677,0.994277108433735,0.03231352991129043,0.9622338288469264,0.9510789637172602
354,0.0030969488751245197,0.04265145899262279,0.994277108433735,0.032347156059221914,0.9622338288469264,0.9510789637172602
355,0.0030965816777383877,0.039936707995366305,0.994277108433735,0.032311767153090525,0.9626355966251506,0.9514251103862945
356,0.0030963699574624135,0.04984754201723263,0.994277108433735,0.03234934703645419,0.9630373644033748,0.9517883556936888
357,0.003095864361257208,0.04510154097806662,0.994277108433735,0.03232218666111733,0.9622338288469264,0.9510789637172602
358,0.0030955101092325706,0.0407983330078423,0.994277108433735,0.032249086008306456,0.9630373644033748,0.9517883556936888
359,0.0030950732718051724,0.043556958029512316,0.994277108433735,0.03231714691327447,0.9622338288469264,0.9510789637172602
360,0.003094575511771301,0.04551191703649238,0.9943775100401606,0.032308067297442906,0.9626355966251506,0.9514251103862945
361,0.0030942918017797414,0.04945525003131479,0.9943775100401606,0.03231393153448081,0.9626355966251506,0.9514277014914221
362,0.003093581824252277,0.04620216699549928,0.9943775100401606,0.03229837972071615,0.9626355966251506,0.9514251103862945
363,0.0030928947427100576,0.04605537501629442,0.9943775100401606,0.03231989075445197,0.9626355966251506,0.9514277014914221
364,0.003092737752804215,0.04259737499523908,0.9943775100401606,0.03229166416385986,0.9626355966251506,0.9514251103862945
365,0.003090234142099524,0.04365345899714157,0.9943775100401606,0.0323018803331847,0.9626355966251506,0.9514251103862945
366,0.003087777253625169,0.05229295796016231,0.9943775100401606,0.03237575661262354,0.9630373644033748,0.951790338707202
367,0.0030813864232036763,0.06380562495905906,0.9943775100401606,0.03237888559453349,0.9630373644033748,0.951790338707202
368,0.0030687506150575143,0.04144795797765255,0.9943775100401606,0.03238314550649003,0.9630373644033748,0.951790338707202
369,0.0030609695379102634,0.04451275005703792,0.9943775100401606,0.03259623300802235,0.9626355966251506,0.9514441920381677
370,0.003054918694589616,0.04192891699494794,0.9943775100401606,0.032347954802381396,0.9630373644033748,0.951790338707202
371,0.0030513400306535947,0.040583666996099055,0.9943775100401606,0.03228494841888033,0.963439132181599,0.9521633442994509
372,0.0030497972498696574,0.04653541697189212,0.9943775100401606,0.03230210173959019,0.963439132181599,0.9521633442994509
373,0.00304922646826132,0.04150495899375528,0.9943775100401606,0.03237267853315782,0.9626355966251506,0.9514483923285161
374,0.0030479599157753816,0.041212250012904406,0.9943775100401606,0.03231318908050482,0.9630373644033748,0.9518165895388024
375,0.0030470661364674287,0.047729209007229656,0.9943775100401606,0.03229196342269945,0.9630373644033748,0.9518165895388024
376,0.0030464212993701416,0.03932320902822539,0.9943775100401606,0.0322913661571366,0.9630373644033748,0.9518165895388024
377,0.003045785458767868,0.03999829199165106,0.9943775100401606,0.03227894024959815,0.9630373644033748,0.9518165895388024
378,0.00304530063305641,0.07453829201404005,0.9943775100401606,0.03232726780477346,0.9626355966251506,0.9514539663093858
379,0.0030448855721318608,0.07585887500317767,0.9943775100401606,0.0322826421259748,0.9626355966251506,0.9514586856038149
380,0.0030443904547052996,0.07308833295246586,0.9943775100401606,0.03230736518750454,0.9626355966251506,0.9514586856038149
381,0.003043957841685049,0.042052040982525796,0.9943775100401606,0.032328945237548486,0.9626355966251506,0.9514586856038149
382,0.0030435996741084506,0.04140216700034216,0.9943775100401606,0.03231736157132501,0.9622338288469264,0.9510857690990997
383,0.003043245275018862,0.0452358330367133,0.9944779116465864,0.03227253514221424,0.9622338288469264,0.9510857690990997
384,0.003042819417220083,0.04194641701178625,0.9944779116465864,0.03230107635069557,0.9626355966251506,0.9514586856038149
385,0.0030425199889519117,0.04206395795335993,0.9944779116465864,0.03227722770749564,0.9622338288469264,0.9510857690990997
386,0.0030421862331465837,0.04184858303051442,0.9944779116465864,0.03229084311942366,0.9626355966251506,0.9514586856038149
387,0.003041792816885782,0.044378166960086673,0.9944779116465864,0.03227778883511492,0.9626355966251506,0.9514551924210863
388,0.003041455659914884,0.0407981249736622,0.9944779116465864,0.03226740547990983,0.9622338288469264,0.9510870205409854
389,0.0030410589617837222,0.04665837500942871,0.9944779116465864,0.03229047935921764,0.9622338288469264,0.9510870205409854
390,0.0030405913623182362,0.042591875011567026,0.994578313253012,0.0322800103199831,0.9622338288469264,0.9510870205409854
391,0.0030401337301371807,0.041597708011977375,0.994578313253012,0.03230914062350853,0.9626355966251506,0.9514586856038149
392,0.003039127758012317,0.05388858396327123,0.994578313253012,0.032313692315249054,0.9626355966251506,0.9514586856038149
393,0.003036490899578972,0.11618283297866583,0.994578313253012,0.03232519825744042,0.9622338288469264,0.9510870205409854
394,0.0030188628598516215,0.04110141599085182,0.994578313253012,0.03230877844758578,0.9622338288469264,0.9510870205409854
395,0.003003807579904738,0.04174324998166412,0.994578313253012,0.03223908906799353,0.9630373644033748,0.9518013077117276
396,0.0029920810623099998,0.04453033395111561,0.994578313253012,0.03218951507259362,0.9630373644033748,0.9518050198801272
397,0.002991314091232806,0.04616912500932813,0.994578313253012,0.03220689156686963,0.9630373644033748,0.9518050198801272
398,0.0029908187427516273,0.04340899997623637,0.994578313253012,0.03219738487944726,0.9630373644033748,0.9518050198801272
399,0.002990400122176267,0.042022124980576336,0.994578313253012,0.032188323508961135,0.9626355966251506,0.951458904589486
400,0.0029900182110730836,0.04345300002023578,0.994578313253012,0.03219153105869908,0.9630373644033748,0.9518050198801272
401,0.002989626523839986,0.04580316599458456,0.994578313253012,0.032215398122223585,0.9630373644033748,0.9518050198801272
402,0.0029892233616090266,0.0442442920175381,0.994578313253012,0.03222838962265325,0.9630373644033748,0.9518050198801272
403,0.002988849663683827,0.04721074999542907,0.994578313253012,0.03219327734082881,0.9630373644033748,0.9518050198801272
404,0.0029885361308315175,0.04372516699368134,0.994578313253012,0.0321984447451797,0.9630373644033748,0.9518050198801272
405,0.0029880482275441446,0.04368491703644395,0.994578313253012,0.03220927943322759,0.9630373644033748,0.9518050198801272
406,0.0029865760330066134,0.04297112504718825,0.994578313253012,0.03222744531830463,0.9630373644033748,0.9518008369818083
407,0.0029825779032041587,0.04529579094378278,0.994578313253012,0.03219652503877613,0.9630373644033748,0.9518008369818083
408,0.002967856145102148,0.04544620803790167,0.994578313253012,0.03231611612837103,0.9626355966251506,0.9507494654873747
409,0.0029453250943967404,0.04287841700715944,0.994578313253012,0.03233712406412743,0.9626355966251506,0.9500826399383929
410,0.002941500744405934,0.040313250035978854,0.994578313253012,0.03231398861851637,0.9626355966251506,0.9507751882559048
411,0.0029403613685688437,0.041213707998394966,0.994578313253012,0.03230279911086479,0.9626355966251506,0.9514553276187543
412,0.0029396721836703935,0.044685999979265034,0.994578313253012,0.03231987506214775,0.9626355966251506,0.9514553276187543
413,0.0029391832338273344,0.04431937501067296,0.994578313253012,0.03231760067538627,0.9626355966251506,0.9514553276187543
414,0.002938742065925515,0.08961837500100955,0.994578313253012,0.03228352551644316,0.9626355966251506,0.9514553276187543
415,0.00293842051239314,0.04400287504540756,0.994578313253012,0.03229592148570605,0.9626355966251506,0.9514553276187543
416,0.002938180334440191,0.04334558395203203,0.994578313253012,0.0323042449116388,0.9626355966251506,0.9514553276187543
417,0.0029378261613175936,0.04556004097685218,0.994578313253012,0.032305655943948595,0.9626355966251506,0.9514553276187543
418,0.002937561922742524,0.04629149998072535,0.994578313253012,0.03231073620982272,0.9626355966251506,0.9514553276187543
419,0.002937339827834754,0.042282916023395956,0.994578313253012,0.032299455844544765,0.9626355966251506,0.9514553276187543
420,0.00293711457617794,0.048593665997032076,0.994578313253012,0.032319787960645004,0.9626355966251506,0.9514553276187543
421,0.002936865682067946,0.04017979098716751,0.994578313253012,0.03231603546852099,0.9626355966251506,0.9514553276187543
422,0.002936647279895978,0.04426575003890321,0.994578313253012,0.032313859161066785,0.9626355966251506,0.9514553276187543
423,0.0029364854538442113,0.047086458012927324,0.994578313253012,0.032325701972787224,0.9626355966251506,0.9514553276187543
424,0.0029362534581890308,0.041284625011030585,0.994578313253012,0.03230643434608099,0.9626355966251506,0.9514553276187543
425,0.0029360654645267234,0.04335812496719882,0.994578313253012,0.03230559107578207,0.9626355966251506,0.9514553276187543
426,0.002935903406680413,0.09147508296882734,0.994578313253012,0.032293050149885545,0.9626355966251506,0.9514553276187543
427,0.0029357330257525926,0.061767500010319054,0.994578313253012,0.032336727534267314,0.9626355966251506,0.9514553276187543
428,0.002935541341025252,0.04404212499503046,0.994578313253012,0.0323083458778897,0.9626355966251506,0.9514553276187543
429,0.0029353807150785506,0.04353858297690749,0.994578313253012,0.032295614917247126,0.9626355966251506,0.9514553276187543
430,0.002935209793254957,0.05493091599782929,0.994578313253012,0.03232588657772706,0.9626355966251506,0.9514553276187543
431,0.0029350397595375452,0.040608667011838406,0.994578313253012,0.032328374019895745,0.9626355966251506,0.9514553276187543
432,0.002934910392846403,0.04657933296402916,0.994578313253012,0.03233720698233679,0.9626355966251506,0.9514553276187543
433,0.0029347273432526943,0.052995125006418675,0.994578313253012,0.03231383830363581,0.9626355966251506,0.9514553276187543
434,0.0029345767799843813,0.04835204198025167,0.994578313253012,0.0323290149931392,0.9626355966251506,0.9514553276187543
435,0.002934435719685869,0.040832792001310736,0.994578313253012,0.03234736404942685,0.9630373644033748,0.9518269857158581
436,0.0029342812765495592,0.044766749953851104,0.994578313253012,0.03230419023182866,0.9626355966251506,0.9514553276187543
437,0.002934157402581617,0.04501916700974107,0.994578313253012,0.03233130990555362,0.9626355966251506,0.9514553276187543
438,0.002934005352781164,0.0417973329895176,0.994578313253012,0.032323098566403884,0.9626355966251506,0.9514553276187543
439,0.0029338673134018498,0.04486779205035418,0.994578313253012,0.032320067730717245,0.9626355966251506,0.9514553276187543
440,0.0029337244205612074,0.04224958299892023,0.994578313253012,0.03231306483865012,0.9626355966251506,0.9514553276187543
441,0.002933603489093461,0.08174783299909905,0.994578313253012,0.032338247903782806,0.9626355966251506,0.9514553276187543
442,0.0029334589084803585,0.04144616599660367,0.994578313253012,0.03231530670767146,0.9626355966251506,0.9514553276187543
443,0.002933327652205962,0.04513283399865031,0.994578313253012,0.032324687700057815,0.9626355966251506,0.9514553276187543
444,0.002933206244032013,0.04186283401213586,0.994578313253012,0.032307385926540325,0.9626355966251506,0.9514553276187543
445,0.0029330757622308802,0.04769300000043586,0.994578313253012,0.032316655032793684,0.9626355966251506,0.9514553276187543
446,0.002932945733585946,0.04675745900021866,0.994578313253012,0.03232593715871076,0.9626355966251506,0.9514553276187543
447,0.002932831331632526,0.04506158299045637,0.994578313253012,0.032340147813785906,0.9626355966251506,0.9514553276187543
448,0.002932718224025571,0.045585958985611796,0.994578313253012,0.032342034731651696,0.9626355966251506,0.9514553276187543
449,0.0029326049430758645,0.04214229201897979,0.994578313253012,0.03230427482007117,0.9626355966251506,0.9514553276187543
450,0.002932491598918985,0.04129125003237277,0.994578313253012,0.03231804765651236,0.9626355966251506,0.9514553276187543
451,0.0029323511857931813,0.06586529198102653,0.994578313253012,0.03233482345720153,0.9626355966251506,0.9514553276187543
452,0.0029322371879597527,0.05087050003930926,0.994578313253012,0.03231440426461274,0.9626355966251506,0.9514553276187543
453,0.002932142644795143,0.04052770900307223,0.994578313253012,0.03231407770465856,0.9626355966251506,0.9514553276187543
454,0.0029320222455176464,0.04829691699706018,0.994578313253012,0.03233481256049497,0.9626355966251506,0.9514553276187543
455,0.0029319045817315145,0.04560125002171844,0.994578313253012,0.032320672799469354,0.9626355966251506,0.9514553276187543
456,0.0029318040614132856,0.0390653750509955,0.994578313253012,0.032330426763650416,0.9630373644033748,0.9518269857158581
457,0.00293168444022079,0.04587291704956442,0.994578313253012,0.032325875003485854,0.9626355966251506,0.9514553276187543
458,0.0029315788636709466,0.04939904098864645,0.994578313253012,0.032330691991057675,0.9626355966251506,0.9514553276187543
459,0.002931471070353065,0.045510708005167544,0.994578313253012,0.03233235580351228,0.9626355966251506,0.9514553276187543
460,0.002931365076709036,0.04493004200048745,0.994578313253012,0.03233670724076683,0.9626355966251506,0.9514553276187543
461,0.002931262879893565,0.04280495794955641,0.994578313253012,0.03233187417437768,0.9626355966251506,0.9514553276187543
462,0.0029311829838492343,0.04507395799737424,0.994578313253012,0.032326453241741555,0.9626355966251506,0.9514553276187543
463,0.0029310567287328805,0.05227350001223385,0.994578313253012,0.03233562420925492,0.9626355966251506,0.9514553276187543
464,0.002930958755177314,0.048692625015974045,0.994578313253012,0.03235488971023132,0.9626355966251506,0.9514553276187543
465,0.0029308519239186256,0.050828500010538846,0.994578313253012,0.03233436428695722,0.9626355966251506,0.9514553276187543
466,0.002930750671700558,0.04380400001537055,0.994578313253012,0.03233362934318795,0.9626355966251506,0.9514553276187543
467,0.0029306460641104993,0.044509499974083155,0.994578313253012,0.03235047499901937,0.9626355966251506,0.9514553276187543
468,0.0029305457568649406,0.0555779590504244,0.994578313253012,0.032338191016001695,0.9626355966251506,0.9514553276187543
469,0.0029304499211000924,0.048734875046648085,0.994578313253012,0.03234068007459778,0.9626355966251506,0.9514553276187543
470,0.002930343979327408,0.04669337498489767,0.994578313253012,0.03234973378121537,0.9626355966251506,0.9514553276187543
471,0.0029302367710067763,0.04471433296566829,0.994578313253012,0.032355537524859916,0.9626355966251506,0.9514553276187543
472,0.002930130880161731,0.04570616700220853,0.994578313253012,0.032349884248908924,0.9626355966251506,0.9514553276187543
473,0.002930032893589099,0.04343629098730162,0.994578313253012,0.03237741050489749,0.9630373644033748,0.9518269857158581
474,0.002929908564151705,0.05586154095362872,0.994578313253012,0.03237282089678904,0.9626355966251506,0.9514553276187543
475,0.0029297998767880314,0.046061832981649786,0.994578313253012,0.03237191291865407,0.9626355966251506,0.9514553276187543
476,0.002929652593653637,0.0498623339808546,0.994578313253012,0.032387307879766444,0.9626355966251506,0.9514553276187543
477,0.0029295156449729493,0.04311870801029727,0.994578313253012,0.03239729985501963,0.9630373644033748,0.9518269857158581
478,0.00292928979877302,0.04084854101529345,0.994578313253012,0.032403214001893006,0.9626355966251506,0.9514553276187543
479,0.002929005437748291,0.04021887498674914,0.994578313253012,0.032407198665139546,0.9626355966251506,0.9514553276187543
480,0.002928522496504666,0.044150208006612957,0.9946787148594377,0.0324669181097138,0.9626355966251506,0.9514649614328055
481,0.002927328788959385,0.04307229199912399,0.9946787148594377,0.03251145873876643,0.9626355966251506,0.9514649614328055
482,0.002925632548201681,0.04062266700202599,0.9946787148594377,0.032519255358509996,0.9626355966251506,0.9514649614328055
483,0.00290012840132005,0.045848875015508384,0.9946787148594377,0.03219238188637726,0.9638408999598232,0.9525331383974146
484,0.003029299994601728,0.043153833015821874,0.9946787148594377,0.03339501795357576,0.9618320610687023,0.9507605790214233
485,0.002883010588948452,0.043295249983202666,0.9946787148594377,0.0324600727805853,0.963439132181599,0.9521826910856994
486,0.0028818796047558014,0.07527999999001622,0.9946787148594377,0.0326370651670035,0.9626355966251506,0.9514553276187543
487,0.002880935569305003,0.04397008300293237,0.9946787148594377,0.03250922220946244,0.9626355966251506,0.9514553276187543
488,0.0028806056743822675,0.043772875040303916,0.9946787148594377,0.032476804831950194,0.9626355966251506,0.9514553276187543
489,0.0028803034706549836,0.04666691698366776,0.9946787148594377,0.032479960013504325,0.9626355966251506,0.9514553276187543
490,0.002880088532465007,0.04856308299349621,0.9946787148594377,0.03245050142192954,0.9626355966251506,0.9514553276187543
491,0.002879893549056418,0.041185333975590765,0.9946787148594377,0.032450856932480315,0.9626355966251506,0.9514553276187543
492,0.0028797236331754694,0.04101254203123972,0.9946787148594377,0.032434768745236285,0.9626355966251506,0.9514553276187543
493,0.0028795807390808595,0.045951084000989795,0.9946787148594377,0.03243429614644793,0.9626355966251506,0.9514553276187543
494,0.002879445911510245,0.039748166978824884,0.9946787148594377,0.03243455338974244,0.9626355966251506,0.9514553276187543
495,0.00287931571375178,0.04054191696923226,0.9946787148594377,0.03244045091311324,0.9626355966251506,0.9514553276187543
496,0.0028791984638666945,0.04578674997901544,0.9946787148594377,0.032421091888362424,0.9626355966251506,0.9514553276187543
497,0.002879091255654768,0.0390896659810096,0.9946787148594377,0.032415833801433244,0.9626355966251506,0.9514553276187543
498,0.002878983536899323,0.04501895798603073,0.9946787148594377,0.03241568165877445,0.9626355966251506,0.9514553276187543
499,0.0028788746527774614,0.04139208304695785,0.9946787148594377,0.03242411869787805,0.9626355966251506,0.9514553276187543
500,0.0028787792246713515,0.03956129099242389,0.9946787148594377,0.03242072117760373,0.9626355966251506,0.9514553276187543
