weight_decay,seed,best_epoch,train_accuracy,validation_accuracy,validation_loss,validation_macro_f1,squared_weight_norm,generalization_gap
0.0,42,76,0.9958835341365462,0.963439132181599,0.031933782091066766,0.9520373387732772,511.30671203195726,0.03244440195494713
0.0,7,41,0.9922690763052209,0.9626355966251506,0.03232968984557488,0.9508659163125106,448.0358817231078,0.02963347968007024
0.0,21,33,0.9894578313253012,0.9614302932904781,0.033185016331225156,0.9503968376068185,417.7070850799066,0.028027538034823052
1e-05,42,234,0.9977911646586345,0.9650462032944958,0.030990393746992733,0.9537846028578936,497.49944467718683,0.032744961364138736
1e-05,7,75,0.9954819277108434,0.963439132181599,0.03158932504805999,0.951565362592148,479.1623147873375,0.03204279552924438
1e-05,21,178,0.9968875502008032,0.9610285255122539,0.031198300050188508,0.9441232156404613,500.57255009118444,0.03585902468854929
0.0001,42,298,0.998293172690763,0.9670550421856167,0.027972524790521567,0.9595407738764465,233.73111348699115,0.031238130505146344
0.0001,7,142,0.9974899598393574,0.9674568099638409,0.029230937947775305,0.9576283066844202,261.5729377344808,0.03003314987551653
0.0001,21,298,0.9984939759036144,0.9662515066291684,0.02807945526764249,0.9563583052976029,235.257425417849,0.03224246927444607
0.0003,42,297,0.9983935742971888,0.9694656488549618,0.027979831993285752,0.9619397070080475,171.5275324526296,0.028927925442226998
0.0003,7,289,0.998293172690763,0.9714744877460828,0.028061048301540797,0.9603472747048387,173.36271777486584,0.026818684944680204
0.0003,21,265,0.9979919678714859,0.9678585777420651,0.028697811303904284,0.9596521598284597,172.25296183624107,0.030133390129420845
0.001,42,221,0.984136546184739,0.9610285255122539,0.03886663247463865,0.9505544358445446,99.96573560613804,0.023108020672485075
0.001,7,260,0.9826305220883534,0.9626355966251506,0.03883971699540524,0.9533336393832137,100.24453142968774,0.019994925463202806
0.001,21,273,0.9838353413654618,0.9610285255122539,0.03934533812475833,0.9490942013489442,99.90361264035462,0.022806815853207874
0.003,42,291,0.9316265060240964,0.9252711932503013,0.07421917564796719,0.8310433625496128,49.79364663798345,0.006355312773795085
0.003,7,108,0.9298192771084337,0.9256729610285255,0.07545664984058228,0.8314327067095699,50.05401031887588,0.00414631607990823
0.003,21,179,0.9319277108433734,0.9264764965849739,0.07466673636882443,0.8322847256721261,49.29356535107276,0.0054512142583995615
