step,seed,best_epoch,train_accuracy,validation_accuracy,validation_macro_f1,recall_5,recall_8
Ejercicio 2 (solo digits.csv),42,145,0.9965887428514096,0.940204081632653,0.8466978803086324,0.8152866242038217,0.0
Ejercicio 2 (solo digits.csv),7,45,0.9928764924250025,0.936530612244898,0.8433832850779384,0.7898089171974523,0.0
Ejercicio 2 (solo digits.csv),21,92,0.9951841075549313,0.936530612244898,0.8441450547773309,0.7961783439490446,0.0
+ more_digits.csv (sin repetidos),42,148,0.9972450385184429,0.9693877551020408,0.9589705687432885,0.8853503184713376,0.8717948717948718
+ more_digits.csv (sin repetidos),7,60,0.9952553441150962,0.966530612244898,0.9569671421183676,0.8853503184713376,0.8803418803418803
+ more_digits.csv (sin repetidos),21,63,0.9943370236212438,0.9661224489795919,0.9557497741515725,0.8853503184713376,0.8717948717948718
+ balanceo de clases,42,36,0.9946692607003891,0.9712244897959184,0.9615970675028864,0.9299363057324841,0.8888888888888888
+ balanceo de clases,7,110,0.9966536964980545,0.9679591836734693,0.9580417658367105,0.9044585987261147,0.8888888888888888
+ balanceo de clases,21,37,0.9959533073929961,0.9661224489795919,0.956314765415437,0.9044585987261147,0.8888888888888888
+ imágenes desplazadas y rotadas,42,149,0.9875875486381323,0.9812244897959184,0.9776086919906117,0.9681528662420382,0.9487179487179487
+ imágenes desplazadas y rotadas,7,127,0.9852529182879377,0.9804081632653061,0.9728514076650091,0.9426751592356688,0.9487179487179487
+ imágenes desplazadas y rotadas,21,124,0.986420233463035,0.9822448979591837,0.9768575385301557,0.9808917197452229,0.9230769230769231
