weight_decay,architecture,hidden_layers,parameters,seed,epochs_ran,validation_accuracy,validation_macro_f1,validation_loss,validation_recall_5,validation_recall_8,run_directory,directory
0.0,784-128-128-10,2,118282,42,156,0.986734693877551,0.9827943184364508,0.0129390502548292,0.9808917197452228,0.9487179487179488,architecture_00/seed_42,reports/digits_e3_final/entrenamiento
0.0,784-128-128-10,2,118282,7,217,0.9875510204081632,0.9844236371653128,0.011220555422275,0.9872611464968152,0.9572649572649572,architecture_00/seed_7,reports/digits_e3_final/entrenamiento
0.0,784-128-128-10,2,118282,21,184,0.9863265306122448,0.9818320791430388,0.0119675610010637,0.9872611464968152,0.9316239316239316,architecture_00/seed_21,reports/digits_e3_final/entrenamiento
0.0001,784-128-128-10,2,118282,42,222,0.9861224489795918,0.9842521038251772,0.014085097337475,0.9936305732484076,0.9572649572649572,architecture_00\seed_42,reports/digits_e3_l2/wd_0.0001
0.0001,784-128-128-10,2,118282,7,174,0.9859183673469388,0.984077775462622,0.0150180186599768,0.9872611464968152,0.9572649572649572,architecture_00\seed_7,reports/digits_e3_l2/wd_0.0001
0.0001,784-128-128-10,2,118282,21,254,0.986938775510204,0.9841475214340352,0.0130617543534856,0.9745222929936306,0.9401709401709402,architecture_00\seed_21,reports/digits_e3_l2/wd_0.0001
0.0003,784-128-128-10,2,118282,42,117,0.9797959183673468,0.973403838956086,0.0231074369591683,0.9936305732484076,0.9572649572649572,architecture_00\seed_42,reports/digits_e3_l2/wd_0.0003
0.0003,784-128-128-10,2,118282,7,167,0.980204081632653,0.9777686317813216,0.0210008496127562,0.9872611464968152,0.9658119658119658,architecture_00\seed_7,reports/digits_e3_l2/wd_0.0003
0.0003,784-128-128-10,2,118282,21,132,0.9791836734693876,0.9748703513576376,0.0221242204893738,0.9872611464968152,0.9401709401709402,architecture_00\seed_21,reports/digits_e3_l2/wd_0.0003
0.001,784-128-128-10,2,118282,42,91,0.9691836734693876,0.9621041750739698,0.0388564589181288,0.9554140127388536,0.9316239316239316,architecture_00\seed_42,reports/digits_e3_l2/wd_0.001
0.001,784-128-128-10,2,118282,7,138,0.9706122448979592,0.9632834220261196,0.039085829290481,0.9808917197452228,0.9658119658119658,architecture_00\seed_7,reports/digits_e3_l2/wd_0.001
0.001,784-128-128-10,2,118282,21,117,0.970204081632653,0.963187771658732,0.0382715795884119,0.961783439490446,0.9316239316239316,architecture_00\seed_21,reports/digits_e3_l2/wd_0.001
