batch_size,seed,training_samples_per_epoch,steps_per_epoch,optimizer_updates,epochs_ran,best_epoch,training_seconds,train_accuracy,validation_accuracy,validation_macro_f1,validation_loss,validation_recall_5,validation_recall_8,run_directory
32,42,25700,804,94872,118,86,3062.443283978995,0.9946303501945525,0.9851020408163266,0.9811858470449014,0.013324893306273039,0.9808917197452229,0.9401709401709402,batch_032/seed_42
32,7,25700,804,99696,124,105,3213.045173356979,0.9938132295719845,0.9859183673469388,0.9807559406296514,0.013327889218427449,0.9872611464968153,0.9316239316239316,batch_032/seed_7
32,21,25700,804,154368,192,180,4790.433809637994,0.9959922178988326,0.9881632653061224,0.9850409286468331,0.01101671673094705,0.9872611464968153,0.9487179487179487,batch_032/seed_21
64,42,25700,402,77586,193,143,4193.166299217992,0.9960311284046692,0.9885714285714285,0.9859249581565643,0.010940041127599404,0.9808917197452229,0.9487179487179487,batch_064/seed_42
64,7,25700,402,65928,164,136,3374.1914097730187,0.9961867704280155,0.9865306122448979,0.9832234308465002,0.012060047713593763,0.9936305732484076,0.9401709401709402,batch_064/seed_7
64,21,25700,402,73164,182,141,3757.740037800977,0.9955642023346304,0.986938775510204,0.982519167378323,0.01174477751582398,0.9872611464968153,0.9401709401709402,batch_064/seed_21
128,42,25700,201,31356,156,106,2368.6919524240075,0.9947859922178989,0.986734693877551,0.9827943184364507,0.012939050254829226,0.9808917197452229,0.9487179487179487,batch_128/seed_42
128,7,25700,201,43617,217,200,3197.020250453992,0.9959143968871595,0.9875510204081632,0.9844236371653127,0.011220555422275026,0.9872611464968153,0.9572649572649573,batch_128/seed_7
128,21,25700,201,36984,184,184,2630.9860402790073,0.9963813229571984,0.9863265306122448,0.9818320791430388,0.011967561001063689,0.9872611464968153,0.9316239316239316,batch_128/seed_21
256,42,25700,101,28482,282,261,3055.9898141569865,0.9957976653696498,0.9873469387755102,0.9849603462860624,0.01154909733220387,0.9936305732484076,0.9572649572649573,batch_256/seed_42
256,7,25700,101,22018,218,216,2369.5213498910016,0.9952140077821011,0.986734693877551,0.9838375753357314,0.011594372137777129,0.9936305732484076,0.9487179487179487,batch_256/seed_7
256,21,25700,101,20907,207,191,2287.4516787950124,0.9954863813229572,0.9857142857142858,0.9799525571199817,0.012935607747927305,0.9872611464968153,0.9145299145299145,batch_256/seed_21
